age,weight,height,bmi,body_fat_category,goal,experience,training_age_years,days,progress_feedback,recovery_score,cardio_preference,core_focus,split_type,intensity,volume
38,72,1.58,28.8,high,muscle_gain,beginner,0,3,good,poor,low,moderate,UpperLower,Low,Low
40,89,1.74,29.4,high,muscle_gain,beginner,0,3,excellent,average,low,high,FullBody,Moderate,Low
21,77,1.66,27.9,high,weight_loss,advanced,7,5,good,average,high,high,UpperLower,Moderate,High
39,73,1.62,27.8,high,weight_loss,advanced,5,5,poor,poor,moderate,high,UpperLower,Low,Low
38,70,1.6,27.3,high,muscle_gain,beginner,0,6,good,good,moderate,moderate,FullBody,Moderate,Low
26,91,1.57,36.9,high,weight_loss,beginner,1,5,poor,poor,high,moderate,UpperLower,Low,Low
36,69,1.67,24.7,medium,weight_loss,beginner,0,4,excellent,poor,high,moderate,FullBody,Low,Low
32,90,1.71,30.8,high,weight_loss,beginner,1,5,good,poor,moderate,moderate,FullBody,Low,Low
34,87,1.78,27.5,high,weight_loss,advanced,5,3,good,good,moderate,high,UpperLower,Moderate,High
18,78,1.58,31.2,high,weight_loss,advanced,8,4,new,average,low,high,UpperLower,Moderate,High
33,65,1.83,19.4,low,muscle_gain,advanced,5,4,new,average,moderate,low,UpperLower,Moderate,High
25,76,1.62,29.0,high,muscle_gain,intermediate,1,4,new,good,high,low,UpperLower,Moderate,High
24,91,1.71,31.1,high,muscle_gain,beginner,0,4,good,average,moderate,moderate,UpperLower,Moderate,Low
38,80,1.58,32.0,high,weight_loss,advanced,6,3,new,poor,moderate,high,FullBody,Low,Medium
21,89,1.57,36.1,high,weight_loss,advanced,6,6,excellent,average,high,high,UpperLower,Moderate,High
43,73,1.79,22.8,medium,muscle_gain,advanced,4,6,good,average,high,moderate,PPL,Moderate,High
19,85,1.57,34.5,high,muscle_gain,advanced,3,3,easy,average,moderate,moderate,PPL,Moderate,Medium
25,57,1.72,19.3,low,weight_loss,beginner,1,4,good,good,moderate,low,UpperLower,Moderate,Low
28,59,1.83,17.6,low,muscle_gain,intermediate,3,4,new,poor,low,low,UpperLower,Low,Medium
32,100,1.8,30.9,high,muscle_gain,advanced,3,5,good,good,low,low,PPL,Moderate,High
26,68,1.63,25.6,medium,weight_loss,beginner,1,4,poor,poor,moderate,moderate,FullBody,Low,Low
38,65,1.84,19.2,low,weight_loss,intermediate,3,4,new,average,high,moderate,UpperLower,Moderate,Medium
27,57,1.66,20.7,low,weight_loss,beginner,1,3,new,poor,high,high,FullBody,Low,Medium
18,76,1.6,29.7,high,weight_loss,beginner,0,5,good,good,low,high,UpperLower,Moderate,Low
44,77,1.83,23.0,medium,muscle_gain,intermediate,2,3,new,average,low,high,UpperLower,Moderate,Medium
39,89,1.84,26.3,medium,muscle_gain,beginner,1,5,poor,average,low,high,FullBody,Moderate,Medium
21,91,1.67,32.6,high,muscle_gain,beginner,0,4,good,poor,moderate,moderate,FullBody,Low,Medium
41,87,1.82,26.3,medium,muscle_gain,beginner,0,4,poor,average,low,high,FullBody,Moderate,Low
30,55,1.71,18.8,low,muscle_gain,beginner,1,5,good,average,low,moderate,PPL,Moderate,Medium
23,73,1.75,23.8,medium,muscle_gain,intermediate,3,4,excellent,average,low,low,UpperLower,Moderate,Medium
45,84,1.78,26.5,medium,muscle_gain,intermediate,2,3,good,poor,moderate,high,PPL,Low,Low
42,66,1.68,23.4,medium,weight_loss,intermediate,2,4,good,good,high,high,FullBody,Moderate,Low
37,87,1.79,27.2,high,muscle_gain,advanced,5,4,new,good,high,moderate,UpperLower,Moderate,High
25,59,1.63,22.2,medium,weight_loss,beginner,0,4,excellent,average,high,high,FullBody,Moderate,Low
35,58,1.69,20.3,low,muscle_gain,beginner,0,6,good,average,high,low,FullBody,Moderate,Medium
44,89,1.68,31.5,high,weight_loss,advanced,6,4,poor,average,high,moderate,UpperLower,Moderate,High
37,80,1.71,27.4,high,muscle_gain,intermediate,1,3,good,average,low,moderate,UpperLower,Moderate,Low
26,81,1.78,25.6,medium,muscle_gain,beginner,1,3,good,poor,high,low,FullBody,Low,Low
44,64,1.56,26.3,medium,muscle_gain,intermediate,3,3,easy,good,low,high,PPL,High,Medium
44,74,1.6,28.9,high,muscle_gain,beginner,1,4,good,poor,moderate,high,FullBody,Low,Low
27,93,1.81,28.4,high,weight_loss,intermediate,3,4,new,poor,high,low,UpperLower,Low,Medium
31,95,1.84,28.1,high,weight_loss,intermediate,3,3,new,good,moderate,high,UpperLower,Moderate,Medium
20,83,1.63,31.2,high,muscle_gain,intermediate,2,4,poor,poor,low,high,UpperLower,Low,Low
40,90,1.81,27.5,high,muscle_gain,advanced,4,3,good,average,moderate,moderate,UpperLower,Moderate,High
25,70,1.67,25.1,medium,muscle_gain,intermediate,3,4,good,average,moderate,moderate,UpperLower,Moderate,Medium
24,89,1.64,33.1,high,weight_loss,intermediate,3,3,good,good,moderate,moderate,UpperLower,Moderate,Medium
25,74,1.66,26.9,medium,muscle_gain,intermediate,3,3,easy,average,moderate,low,UpperLower,Moderate,Medium
33,66,1.68,23.4,medium,weight_loss,beginner,0,5,new,poor,high,low,FullBody,Low,Low
27,70,1.58,28.0,high,muscle_gain,intermediate,3,4,excellent,average,moderate,high,FullBody,Moderate,Medium
37,61,1.57,24.7,medium,weight_loss,beginner,0,3,good,average,low,moderate,UpperLower,Moderate,Low
19,100,1.62,38.1,high,muscle_gain,advanced,7,3,new,average,high,moderate,PPL,Moderate,High
26,59,1.8,18.2,low,muscle_gain,intermediate,2,4,excellent,average,low,moderate,UpperLower,Moderate,Medium
32,57,1.57,23.1,medium,weight_loss,intermediate,3,4,new,average,low,high,UpperLower,Moderate,High
23,96,1.69,33.6,high,muscle_gain,beginner,1,6,good,average,low,high,UpperLower,Moderate,Low
40,97,1.7,33.6,high,weight_loss,advanced,5,4,good,poor,high,high,UpperLower,Low,High
45,81,1.71,27.7,high,muscle_gain,intermediate,1,4,good,average,low,moderate,PPL,Moderate,Medium
18,93,1.84,27.5,high,weight_loss,intermediate,1,4,new,good,high,moderate,UpperLower,Moderate,High
33,73,1.83,21.8,low,muscle_gain,beginner,0,5,easy,poor,low,moderate,UpperLower,Low,Low
20,81,1.63,30.5,high,muscle_gain,intermediate,3,3,new,good,moderate,low,PPL,Moderate,Medium
35,79,1.78,24.9,medium,muscle_gain,beginner,1,3,good,poor,moderate,high,UpperLower,Low,Low
39,96,1.79,30.0,high,weight_loss,intermediate,1,3,good,poor,high,low,UpperLower,Low,Low
22,71,1.57,28.8,high,muscle_gain,intermediate,2,4,excellent,good,moderate,high,UpperLower,High,Medium
38,73,1.76,23.6,medium,weight_loss,intermediate,2,4,new,average,high,low,UpperLower,Moderate,Medium
22,81,1.62,30.9,high,muscle_gain,intermediate,3,3,new,average,high,low,PPL,Moderate,Medium
26,84,1.75,27.4,high,weight_loss,intermediate,3,3,good,average,moderate,moderate,UpperLower,Moderate,Medium
33,79,1.58,31.6,high,muscle_gain,intermediate,2,6,poor,average,moderate,high,UpperLower,Moderate,High
33,73,1.8,22.5,medium,weight_loss,beginner,0,5,new,average,high,high,UpperLower,Moderate,Low
38,74,1.74,24.4,medium,weight_loss,beginner,1,4,new,average,moderate,high,UpperLower,Moderate,Low
34,65,1.82,19.6,low,muscle_gain,advanced,6,4,excellent,good,low,high,UpperLower,High,High
30,90,1.84,26.6,medium,muscle_gain,intermediate,2,3,good,good,low,moderate,PPL,Moderate,Medium
39,56,1.62,21.3,low,weight_loss,advanced,6,4,good,good,moderate,moderate,FullBody,Moderate,High
33,70,1.58,28.0,high,weight_loss,beginner,1,4,good,good,high,high,UpperLower,Moderate,Low
26,78,1.56,32.1,high,muscle_gain,beginner,1,3,poor,average,low,low,FullBody,Moderate,Medium
32,68,1.58,27.2,high,weight_loss,intermediate,1,3,excellent,average,high,moderate,FullBody,Moderate,Medium
42,93,1.59,36.8,high,muscle_gain,advanced,3,3,new,average,low,low,UpperLower,Moderate,High
28,71,1.55,29.6,high,muscle_gain,intermediate,2,4,good,average,low,moderate,FullBody,Moderate,Medium
43,97,1.82,29.3,high,muscle_gain,intermediate,2,6,new,average,moderate,high,UpperLower,Moderate,Medium
37,63,1.59,24.9,medium,muscle_gain,intermediate,2,4,poor,average,low,high,PPL,Moderate,High
42,68,1.72,23.0,medium,muscle_gain,advanced,8,4,excellent,poor,moderate,high,PPL,Low,High
33,60,1.57,24.3,medium,muscle_gain,beginner,0,5,excellent,average,moderate,moderate,UpperLower,Moderate,Medium
31,58,1.81,17.7,low,weight_loss,intermediate,1,4,good,average,high,low,UpperLower,Moderate,Medium
25,90,1.79,28.1,high,weight_loss,advanced,8,4,good,good,moderate,low,UpperLower,Moderate,High
18,64,1.6,25.0,medium,muscle_gain,beginner,0,3,good,average,low,moderate,FullBody,Moderate,Low
28,91,1.78,28.7,high,muscle_gain,advanced,3,3,excellent,average,moderate,moderate,PPL,Moderate,High
42,77,1.7,26.6,medium,muscle_gain,beginner,1,5,good,average,moderate,low,FullBody,Moderate,Low
22,73,1.78,23.0,medium,muscle_gain,beginner,1,5,new,average,moderate,high,FullBody,Moderate,Low
41,56,1.56,23.0,medium,muscle_gain,beginner,1,4,good,average,low,low,FullBody,Moderate,Medium
37,99,1.69,34.7,high,weight_loss,beginner,1,5,new,average,moderate,moderate,FullBody,Moderate,Low
34,88,1.74,29.1,high,muscle_gain,advanced,3,4,good,poor,low,high,UpperLower,Low,High
23,95,1.84,28.1,high,muscle_gain,intermediate,3,5,good,poor,low,moderate,UpperLower,Low,Medium
19,59,1.66,21.4,low,muscle_gain,intermediate,3,3,excellent,average,moderate,moderate,PPL,Moderate,High
19,91,1.68,32.2,high,weight_loss,beginner,0,4,new,good,high,high,FullBody,Moderate,Low
19,83,1.62,31.6,high,weight_loss,intermediate,2,4,poor,good,high,low,UpperLower,Moderate,Medium
35,73,1.75,23.8,medium,muscle_gain,advanced,3,6,good,average,low,moderate,UpperLower,Moderate,High
30,100,1.59,39.6,high,weight_loss,beginner,0,4,excellent,good,high,high,FullBody,High,Low
31,56,1.7,19.4,low,muscle_gain,beginner,1,3,easy,good,low,low,UpperLower,High,Low
35,88,1.8,27.2,high,muscle_gain,beginner,1,5,new,poor,moderate,high,PPL,Low,Medium
19,98,1.67,35.1,high,weight_loss,advanced,7,4,excellent,average,high,high,UpperLower,Moderate,High
39,83,1.83,24.8,medium,muscle_gain,beginner,0,4,good,poor,low,high,UpperLower,Low,Low
21,88,1.76,28.4,high,weight_loss,beginner,0,5,poor,good,moderate,moderate,FullBody,Moderate,Low
19,78,1.67,28.0,high,muscle_gain,advanced,8,4,new,average,low,low,UpperLower,Moderate,High
44,100,1.59,39.6,high,muscle_gain,intermediate,1,6,new,good,moderate,moderate,PPL,Moderate,Medium
21,81,1.56,33.3,high,weight_loss,intermediate,3,3,excellent,poor,moderate,moderate,UpperLower,Low,Medium
37,91,1.66,33.0,high,muscle_gain,intermediate,3,3,easy,average,high,moderate,UpperLower,Moderate,Medium
38,78,1.67,28.0,high,muscle_gain,beginner,0,5,poor,good,low,moderate,FullBody,Moderate,Low
44,84,1.78,26.5,medium,weight_loss,intermediate,1,3,new,average,high,high,UpperLower,Moderate,Medium
30,89,1.85,26.0,medium,muscle_gain,beginner,0,4,poor,average,moderate,moderate,FullBody,Moderate,Low
30,66,1.65,24.2,medium,muscle_gain,intermediate,3,6,good,poor,moderate,high,PPL,Low,Medium
20,73,1.65,26.8,medium,muscle_gain,intermediate,2,4,good,good,high,high,UpperLower,Moderate,High
43,59,1.83,17.6,low,weight_loss,beginner,0,4,good,good,high,moderate,FullBody,Moderate,Low
38,79,1.66,28.7,high,weight_loss,beginner,1,3,good,good,moderate,moderate,FullBody,Moderate,Low
25,56,1.84,16.5,low,weight_loss,intermediate,2,4,good,average,high,low,FullBody,Moderate,Medium
21,59,1.59,23.3,medium,muscle_gain,advanced,5,4,new,good,moderate,moderate,PPL,Moderate,High
40,95,1.83,28.4,high,muscle_gain,beginner,0,3,easy,poor,moderate,moderate,UpperLower,Low,Low
37,59,1.82,17.8,low,muscle_gain,advanced,3,5,good,poor,low,low,PPL,Low,High
22,90,1.81,27.5,high,weight_loss,beginner,0,6,good,poor,low,moderate,UpperLower,Low,Low
34,60,1.82,18.1,low,muscle_gain,intermediate,3,4,new,poor,moderate,moderate,PPL,Low,Medium
37,93,1.77,29.7,high,muscle_gain,advanced,8,3,excellent,good,low,moderate,PPL,High,High
18,95,1.7,32.9,high,muscle_gain,intermediate,2,4,new,poor,low,moderate,PPL,Low,Medium
37,100,1.59,39.6,high,muscle_gain,advanced,7,4,poor,poor,low,low,PPL,Low,Low
19,79,1.64,29.4,high,weight_loss,beginner,1,6,easy,average,high,moderate,FullBody,Moderate,Low
27,60,1.7,20.8,low,weight_loss,intermediate,1,6,new,average,moderate,high,UpperLower,Moderate,Medium
21,71,1.68,25.2,medium,weight_loss,intermediate,2,4,good,average,moderate,moderate,FullBody,Moderate,High
37,61,1.59,24.1,medium,muscle_gain,intermediate,1,4,easy,average,moderate,low,UpperLower,Moderate,Medium
33,64,1.71,21.9,low,weight_loss,intermediate,2,4,good,good,moderate,low,UpperLower,Moderate,High
27,56,1.69,19.6,low,muscle_gain,intermediate,3,6,good,average,moderate,high,PPL,Moderate,Medium
19,65,1.73,21.7,low,muscle_gain,intermediate,1,5,poor,good,low,low,UpperLower,Moderate,Medium
40,87,1.61,33.6,high,weight_loss,advanced,4,5,good,average,moderate,high,UpperLower,Moderate,Medium
32,76,1.82,22.9,medium,muscle_gain,intermediate,3,5,good,poor,low,moderate,UpperLower,Low,Low
27,100,1.78,31.6,high,muscle_gain,intermediate,2,4,poor,average,moderate,high,UpperLower,Moderate,Medium
42,73,1.79,22.8,medium,muscle_gain,advanced,6,3,easy,average,high,moderate,PPL,Moderate,High
21,92,1.73,30.7,high,muscle_gain,beginner,0,6,new,average,moderate,low,UpperLower,Moderate,Low
35,65,1.84,19.2,low,muscle_gain,advanced,5,5,good,average,low,moderate,PPL,Moderate,High
41,57,1.77,18.2,low,weight_loss,beginner,0,5,new,poor,high,high,FullBody,Low,Low
27,61,1.72,20.6,low,weight_loss,beginner,1,4,good,average,low,low,FullBody,Moderate,Low
26,55,1.77,17.6,low,weight_loss,intermediate,3,4,excellent,good,high,moderate,UpperLower,High,High
23,85,1.84,25.1,medium,muscle_gain,beginner,1,3,new,average,moderate,moderate,FullBody,Moderate,Low
39,74,1.59,29.3,high,muscle_gain,intermediate,3,6,excellent,average,high,moderate,UpperLower,Moderate,Low
33,93,1.6,36.3,high,muscle_gain,intermediate,1,6,excellent,good,high,low,UpperLower,High,High
20,62,1.83,18.5,low,muscle_gain,intermediate,1,4,good,good,moderate,moderate,PPL,Moderate,Medium
34,58,1.68,20.5,low,muscle_gain,intermediate,3,4,new,good,low,high,PPL,Moderate,Medium
19,99,1.68,35.1,high,muscle_gain,advanced,5,6,new,average,moderate,high,UpperLower,Moderate,High
31,79,1.66,28.7,high,muscle_gain,advanced,5,4,new,poor,high,moderate,PPL,Low,Medium
44,56,1.55,23.3,medium,weight_loss,intermediate,1,5,good,average,low,low,FullBody,Moderate,Medium
39,56,1.68,19.8,low,muscle_gain,beginner,0,4,good,poor,moderate,moderate,UpperLower,Low,Medium
22,73,1.7,25.3,medium,muscle_gain,advanced,5,4,good,good,high,moderate,PPL,Moderate,High
35,66,1.83,19.7,low,weight_loss,beginner,1,4,easy,average,moderate,low,FullBody,Moderate,Low
25,74,1.8,22.8,medium,weight_loss,beginner,1,4,new,average,moderate,moderate,FullBody,Moderate,Low
32,60,1.8,18.5,low,muscle_gain,advanced,4,3,poor,good,moderate,moderate,PPL,Moderate,High
28,55,1.64,20.4,low,muscle_gain,beginner,1,5,good,average,low,high,FullBody,Moderate,Medium
30,96,1.69,33.6,high,muscle_gain,beginner,0,4,good,good,low,moderate,FullBody,Moderate,Low
45,64,1.62,24.4,medium,muscle_gain,intermediate,1,4,good,average,low,high,PPL,Moderate,High
39,86,1.65,31.6,high,weight_loss,intermediate,1,4,new,good,moderate,high,UpperLower,Moderate,Medium
19,59,1.8,18.2,low,weight_loss,intermediate,1,5,good,poor,moderate,moderate,UpperLower,Low,High
37,97,1.82,29.3,high,muscle_gain,beginner,1,4,new,poor,high,high,UpperLower,Low,Medium
21,88,1.83,26.3,medium,muscle_gain,beginner,1,4,excellent,average,moderate,moderate,PPL,Moderate,Low
39,60,1.8,18.5,low,weight_loss,advanced,7,5,new,average,high,moderate,FullBody,Moderate,High
28,61,1.72,20.6,low,weight_loss,advanced,3,3,easy,good,high,low,UpperLower,High,High
45,68,1.64,25.3,medium,muscle_gain,intermediate,2,5,poor,average,moderate,high,PPL,Moderate,Medium
30,63,1.78,19.9,low,weight_loss,intermediate,1,3,good,average,high,low,FullBody,Moderate,Medium
42,95,1.65,34.9,high,muscle_gain,advanced,4,4,poor,average,moderate,low,PPL,Moderate,Medium
40,72,1.57,29.2,high,muscle_gain,intermediate,2,4,good,poor,high,moderate,PPL,Low,Medium
20,83,1.61,32.0,high,muscle_gain,intermediate,3,3,new,good,high,low,UpperLower,Moderate,High
41,70,1.82,21.1,low,muscle_gain,beginner,1,4,new,poor,low,low,FullBody,Low,Medium
29,70,1.63,26.3,medium,weight_loss,intermediate,2,4,good,good,moderate,high,UpperLower,Moderate,Medium
44,96,1.8,29.6,high,weight_loss,beginner,0,4,easy,poor,moderate,moderate,UpperLower,Low,Low
36,75,1.78,23.7,medium,muscle_gain,advanced,7,4,new,poor,moderate,low,PPL,Low,Medium
24,73,1.68,25.9,medium,weight_loss,beginner,1,5,excellent,average,moderate,low,FullBody,Moderate,Low
32,85,1.85,24.8,medium,muscle_gain,intermediate,3,6,excellent,good,low,high,PPL,High,High
20,70,1.58,28.0,high,weight_loss,beginner,1,4,new,poor,low,moderate,UpperLower,Low,Low
40,83,1.72,28.1,high,muscle_gain,intermediate,2,5,good,average,low,high,UpperLower,Moderate,High
41,74,1.59,29.3,high,muscle_gain,intermediate,2,4,poor,average,low,moderate,PPL,Moderate,Medium
45,61,1.65,22.4,medium,weight_loss,beginner,0,6,new,average,moderate,moderate,UpperLower,Moderate,Low
23,82,1.74,27.1,high,muscle_gain,intermediate,2,5,good,good,low,high,PPL,Moderate,Medium
21,89,1.79,27.8,high,muscle_gain,beginner,1,4,poor,average,low,moderate,FullBody,Moderate,Low
32,98,1.74,32.4,high,weight_loss,beginner,0,4,new,average,low,moderate,FullBody,Moderate,Low
37,79,1.59,31.2,high,muscle_gain,intermediate,3,4,easy,average,low,moderate,PPL,Moderate,Medium
29,86,1.84,25.4,medium,muscle_gain,advanced,8,6,good,average,moderate,moderate,PPL,Moderate,High
43,73,1.78,23.0,medium,muscle_gain,beginner,1,3,excellent,poor,low,high,UpperLower,Low,Low
44,83,1.78,26.2,medium,muscle_gain,advanced,3,3,excellent,average,low,high,PPL,Moderate,Medium
42,68,1.79,21.2,low,weight_loss,intermediate,1,4,good,poor,moderate,low,UpperLower,Low,Medium
26,65,1.73,21.7,low,muscle_gain,intermediate,1,3,poor,good,high,high,UpperLower,Moderate,Low
25,75,1.59,29.7,high,weight_loss,intermediate,3,5,good,average,low,high,UpperLower,Moderate,High
40,78,1.83,23.3,medium,muscle_gain,intermediate,3,4,excellent,average,moderate,high,PPL,Moderate,Medium
31,86,1.8,26.5,medium,muscle_gain,advanced,8,4,good,good,low,high,UpperLower,Moderate,High
45,84,1.6,32.8,high,muscle_gain,advanced,5,3,good,poor,high,moderate,PPL,Low,High
29,96,1.75,31.3,high,muscle_gain,beginner,0,4,good,poor,low,moderate,FullBody,Low,Low
34,55,1.75,18.0,low,muscle_gain,beginner,0,3,excellent,average,low,high,FullBody,Moderate,Low
27,63,1.59,24.9,medium,weight_loss,intermediate,2,3,good,good,high,low,UpperLower,Moderate,High
45,61,1.62,23.2,medium,muscle_gain,beginner,1,5,poor,average,moderate,moderate,UpperLower,Moderate,Medium
27,99,1.78,31.2,high,muscle_gain,advanced,6,5,new,average,low,high,UpperLower,Moderate,High
21,95,1.62,36.2,high,muscle_gain,intermediate,1,6,easy,good,moderate,moderate,PPL,High,High
42,92,1.57,37.3,high,muscle_gain,beginner,1,3,new,average,moderate,moderate,UpperLower,Moderate,Low
35,64,1.71,21.9,low,muscle_gain,beginner,0,4,new,average,moderate,high,UpperLower,Moderate,Low
40,70,1.68,24.8,medium,muscle_gain,beginner,0,4,good,good,moderate,low,UpperLower,Moderate,Medium
23,77,1.7,26.6,medium,muscle_gain,intermediate,3,5,new,good,low,high,UpperLower,Moderate,Medium
34,100,1.57,40.6,high,weight_loss,intermediate,2,4,good,poor,low,high,UpperLower,Low,Medium
41,57,1.7,19.7,low,weight_loss,beginner,0,3,poor,average,high,moderate,FullBody,Moderate,Low
31,75,1.82,22.6,medium,muscle_gain,beginner,0,4,good,good,high,high,FullBody,Moderate,Low
27,74,1.78,23.4,medium,muscle_gain,intermediate,3,3,new,average,low,high,FullBody,Moderate,High
41,70,1.82,21.1,low,muscle_gain,advanced,3,3,good,good,low,moderate,PPL,Moderate,High
25,58,1.68,20.5,low,weight_loss,beginner,0,3,new,good,moderate,high,FullBody,Moderate,Low
22,80,1.74,26.4,medium,muscle_gain,intermediate,2,4,easy,good,high,moderate,PPL,High,Medium
32,59,1.63,22.2,medium,weight_loss,beginner,0,5,new,average,moderate,moderate,UpperLower,Moderate,Low
26,60,1.81,18.3,low,muscle_gain,intermediate,1,5,good,poor,moderate,high,UpperLower,Low,Medium
27,66,1.63,24.8,medium,muscle_gain,beginner,0,4,good,poor,moderate,low,FullBody,Low,Medium
25,80,1.59,31.6,high,muscle_gain,intermediate,1,4,good,good,low,high,PPL,Moderate,Medium
45,76,1.8,23.5,medium,muscle_gain,advanced,6,3,easy,average,low,moderate,PPL,Moderate,Medium
26,64,1.63,24.1,medium,muscle_gain,intermediate,3,3,poor,poor,low,low,UpperLower,Low,Low
34,89,1.62,33.9,high,weight_loss,advanced,7,5,poor,average,moderate,low,UpperLower,Moderate,Medium
42,85,1.63,32.0,high,muscle_gain,intermediate,1,6,easy,average,moderate,high,PPL,Moderate,High
25,79,1.72,26.7,medium,muscle_gain,advanced,8,5,new,average,moderate,high,PPL,Moderate,High
22,67,1.72,22.6,medium,weight_loss,advanced,3,6,good,poor,moderate,moderate,UpperLower,Low,Medium
24,76,1.79,23.7,medium,weight_loss,advanced,7,5,poor,good,low,low,UpperLower,Moderate,High
40,80,1.83,23.9,medium,muscle_gain,beginner,1,4,easy,average,low,high,UpperLower,Moderate,Medium
43,97,1.66,35.2,high,muscle_gain,beginner,0,4,good,poor,moderate,moderate,UpperLower,Low,Medium
36,93,1.56,38.2,high,muscle_gain,advanced,4,4,good,average,low,moderate,PPL,Moderate,High
20,97,1.8,29.9,high,weight_loss,advanced,3,4,poor,average,high,high,UpperLower,Moderate,High
23,86,1.82,26.0,medium,weight_loss,beginner,0,4,excellent,poor,high,moderate,FullBody,Low,Medium
20,79,1.65,29.0,high,muscle_gain,beginner,1,6,easy,good,moderate,moderate,UpperLower,High,Low
31,61,1.6,23.8,medium,muscle_gain,advanced,5,4,good,average,low,moderate,PPL,Moderate,High
19,82,1.66,29.8,high,muscle_gain,advanced,4,4,good,poor,low,low,UpperLower,Low,High
30,97,1.69,34.0,high,muscle_gain,intermediate,2,4,poor,average,low,moderate,UpperLower,Moderate,Medium
19,99,1.6,38.7,high,weight_loss,beginner,0,4,good,good,high,moderate,FullBody,Moderate,Medium
33,70,1.72,23.7,medium,muscle_gain,beginner,0,6,good,poor,high,high,UpperLower,Low,Low
31,98,1.57,39.8,high,muscle_gain,advanced,8,4,excellent,good,low,moderate,PPL,High,High
26,55,1.71,18.8,low,weight_loss,intermediate,1,4,good,average,moderate,high,UpperLower,Moderate,Medium
42,73,1.58,29.2,high,weight_loss,advanced,7,5,poor,average,low,moderate,UpperLower,Moderate,High
30,76,1.82,22.9,medium,weight_loss,beginner,1,4,poor,good,moderate,moderate,FullBody,Moderate,Low
21,69,1.84,20.4,low,muscle_gain,advanced,6,4,excellent,average,low,moderate,UpperLower,Moderate,High
33,78,1.78,24.6,medium,weight_loss,intermediate,1,3,poor,good,low,low,FullBody,Moderate,Medium
32,78,1.57,31.6,high,weight_loss,beginner,0,5,good,average,moderate,moderate,UpperLower,Moderate,Low
29,71,1.6,27.7,high,weight_loss,intermediate,3,3,poor,good,high,high,UpperLower,Moderate,Medium
18,98,1.81,29.9,high,muscle_gain,advanced,5,4,good,average,high,high,PPL,Moderate,High
30,84,1.81,25.6,medium,muscle_gain,intermediate,3,5,excellent,poor,high,high,PPL,Low,Medium
37,74,1.73,24.7,medium,weight_loss,intermediate,2,4,poor,average,high,high,UpperLower,Moderate,Medium
25,93,1.82,28.1,high,muscle_gain,beginner,1,3,new,good,moderate,high,FullBody,Moderate,Medium
44,100,1.61,38.6,high,muscle_gain,intermediate,3,5,easy,good,high,high,UpperLower,High,Medium
22,90,1.77,28.7,high,weight_loss,beginner,0,5,poor,average,high,moderate,UpperLower,Moderate,Low
36,62,1.64,23.1,medium,muscle_gain,advanced,4,4,easy,average,high,moderate,PPL,Moderate,High
45,67,1.6,26.2,medium,muscle_gain,advanced,8,5,easy,poor,low,moderate,UpperLower,Low,High
19,72,1.55,30.0,high,muscle_gain,intermediate,1,4,new,average,moderate,moderate,PPL,Moderate,Medium
35,78,1.61,30.1,high,weight_loss,advanced,3,5,good,average,moderate,high,UpperLower,Moderate,High
36,59,1.64,21.9,low,weight_loss,beginner,1,3,good,good,moderate,high,FullBody,Moderate,Low
43,69,1.67,24.7,medium,muscle_gain,advanced,5,3,new,good,moderate,moderate,PPL,Moderate,Medium
37,58,1.56,23.8,medium,weight_loss,intermediate,2,3,good,poor,moderate,high,UpperLower,Low,High
18,97,1.64,36.1,high,muscle_gain,intermediate,1,4,good,good,low,low,UpperLower,Moderate,Medium
24,88,1.78,27.8,high,weight_loss,beginner,1,4,new,good,moderate,low,UpperLower,Moderate,Medium
44,86,1.72,29.1,high,muscle_gain,beginner,0,4,good,average,high,moderate,FullBody,Moderate,Low
23,73,1.81,22.3,medium,muscle_gain,intermediate,1,4,new,average,low,moderate,UpperLower,Moderate,High
41,76,1.58,30.4,high,muscle_gain,beginner,1,6,poor,good,moderate,high,FullBody,Moderate,Low
19,65,1.84,19.2,low,muscle_gain,advanced,7,4,good,average,low,low,PPL,Moderate,Medium
22,86,1.69,30.1,high,muscle_gain,beginner,1,3,poor,good,moderate,high,UpperLower,Moderate,Low
39,88,1.81,26.9,medium,muscle_gain,intermediate,2,3,good,average,moderate,low,PPL,Moderate,Low
37,96,1.57,38.9,high,weight_loss,intermediate,1,4,good,average,moderate,moderate,UpperLower,Moderate,Medium
44,84,1.62,32.0,high,muscle_gain,intermediate,1,3,good,good,low,moderate,UpperLower,Moderate,Medium
44,93,1.58,37.3,high,weight_loss,intermediate,2,5,good,good,high,high,UpperLower,Moderate,High
37,97,1.69,34.0,high,muscle_gain,intermediate,2,3,good,good,high,moderate,PPL,Moderate,High
19,86,1.82,26.0,medium,muscle_gain,intermediate,1,5,new,good,low,moderate,PPL,Moderate,High
21,57,1.78,18.0,low,weight_loss,advanced,8,4,excellent,average,moderate,high,FullBody,Moderate,High
31,85,1.8,26.2,medium,weight_loss,intermediate,3,6,good,poor,high,high,UpperLower,Low,Low
31,99,1.84,29.2,high,weight_loss,beginner,1,6,easy,average,high,high,FullBody,Moderate,Medium
45,90,1.64,33.5,high,weight_loss,beginner,1,4,poor,good,high,high,FullBody,Moderate,Low
28,77,1.76,24.9,medium,muscle_gain,intermediate,2,6,good,average,low,low,PPL,Moderate,Medium
42,73,1.79,22.8,medium,weight_loss,beginner,0,3,excellent,average,moderate,high,UpperLower,Moderate,Low
25,90,1.77,28.7,high,muscle_gain,intermediate,2,5,good,average,moderate,high,FullBody,Moderate,Medium
41,94,1.63,35.4,high,weight_loss,advanced,7,4,new,good,low,high,UpperLower,Moderate,Medium
20,66,1.61,25.5,medium,weight_loss,beginner,1,3,poor,average,moderate,moderate,UpperLower,Moderate,Low
22,93,1.83,27.8,high,muscle_gain,advanced,7,4,good,average,moderate,moderate,PPL,Moderate,High
20,65,1.79,20.3,low,muscle_gain,intermediate,3,3,new,average,low,high,PPL,Moderate,Medium
35,96,1.8,29.6,high,muscle_gain,intermediate,1,4,easy,good,low,high,UpperLower,High,Medium
41,88,1.63,33.1,high,weight_loss,beginner,0,5,good,poor,moderate,high,FullBody,Low,Medium
35,95,1.71,32.5,high,muscle_gain,intermediate,1,5,excellent,average,moderate,high,PPL,Moderate,High
20,64,1.77,20.4,low,muscle_gain,intermediate,2,3,new,poor,high,high,UpperLower,Low,Medium
30,56,1.68,19.8,low,muscle_gain,beginner,0,3,good,poor,high,low,FullBody,Low,Low
39,60,1.64,22.3,medium,muscle_gain,advanced,4,4,excellent,average,low,moderate,UpperLower,Moderate,High
38,98,1.59,38.8,high,weight_loss,advanced,7,5,good,poor,low,moderate,UpperLower,Low,High
24,77,1.77,24.6,medium,muscle_gain,advanced,7,5,new,good,low,low,UpperLower,Moderate,Medium
45,90,1.78,28.4,high,muscle_gain,intermediate,1,3,new,average,high,moderate,PPL,Moderate,Medium
27,67,1.74,22.1,medium,muscle_gain,intermediate,3,4,poor,average,low,moderate,UpperLower,Moderate,Medium
25,96,1.76,31.0,high,muscle_gain,advanced,6,3,good,average,low,moderate,PPL,Moderate,High
44,63,1.63,23.7,medium,weight_loss,beginner,0,5,good,average,high,moderate,UpperLower,Moderate,Low
19,89,1.72,30.1,high,weight_loss,intermediate,1,5,new,good,moderate,moderate,UpperLower,Moderate,Medium
39,94,1.62,35.8,high,weight_loss,intermediate,3,3,new,average,moderate,moderate,UpperLower,Moderate,Medium
19,88,1.75,28.7,high,weight_loss,beginner,0,4,good,average,high,moderate,UpperLower,Moderate,Medium
26,91,1.72,30.8,high,muscle_gain,intermediate,3,4,good,average,high,moderate,UpperLower,Moderate,Low
33,93,1.79,29.0,high,muscle_gain,advanced,4,4,new,poor,low,high,PPL,Low,High
43,62,1.65,22.8,medium,muscle_gain,intermediate,1,3,new,poor,moderate,low,PPL,Low,Medium
36,65,1.59,25.7,medium,muscle_gain,beginner,0,6,good,average,low,low,FullBody,Moderate,Medium
45,69,1.69,24.2,medium,weight_loss,intermediate,3,5,excellent,average,low,high,FullBody,Moderate,Medium
20,79,1.62,30.1,high,muscle_gain,beginner,1,4,easy,poor,moderate,high,FullBody,Low,Medium
34,60,1.78,18.9,low,muscle_gain,beginner,1,4,excellent,average,low,moderate,FullBody,Moderate,Medium
43,77,1.78,24.3,medium,muscle_gain,intermediate,2,5,good,average,moderate,high,UpperLower,Moderate,Medium
35,67,1.67,24.0,medium,muscle_gain,intermediate,2,3,good,average,high,moderate,UpperLower,Moderate,Medium
36,89,1.63,33.5,high,muscle_gain,beginner,0,3,good,good,moderate,moderate,FullBody,Moderate,Low
27,100,1.72,33.8,high,muscle_gain,beginner,0,5,new,good,low,moderate,UpperLower,Moderate,Medium
37,100,1.76,32.3,high,muscle_gain,beginner,0,4,excellent,average,low,moderate,FullBody,Moderate,Low
30,80,1.83,23.9,medium,weight_loss,intermediate,3,5,good,average,moderate,high,UpperLower,Moderate,Medium
37,99,1.7,34.3,high,muscle_gain,beginner,0,3,new,good,moderate,moderate,FullBody,Moderate,Low
34,100,1.55,41.6,high,muscle_gain,beginner,1,3,excellent,average,high,moderate,FullBody,Moderate,Low
23,61,1.67,21.9,low,muscle_gain,intermediate,3,4,new,average,moderate,low,PPL,Moderate,Medium
28,84,1.84,24.8,medium,weight_loss,advanced,6,5,good,average,high,high,UpperLower,Moderate,Medium
34,99,1.71,33.9,high,weight_loss,beginner,1,3,good,good,moderate,moderate,UpperLower,Moderate,Low
41,67,1.75,21.9,low,muscle_gain,beginner,0,5,excellent,good,high,low,UpperLower,High,Low
20,97,1.75,31.7,high,muscle_gain,beginner,1,5,easy,average,high,high,FullBody,Moderate,Low
23,87,1.85,25.4,medium,muscle_gain,beginner,1,4,new,poor,low,high,UpperLower,Low,Low
21,84,1.76,27.1,high,muscle_gain,beginner,0,5,poor,average,low,moderate,FullBody,Moderate,Low
37,66,1.65,24.2,medium,muscle_gain,beginner,1,5,poor,poor,low,moderate,FullBody,Low,Low
26,90,1.79,28.1,high,muscle_gain,beginner,0,3,easy,poor,moderate,high,UpperLower,Low,Low
41,86,1.64,32.0,high,muscle_gain,intermediate,1,4,poor,good,moderate,high,UpperLower,Moderate,Medium
29,90,1.66,32.7,high,weight_loss,beginner,0,3,new,average,moderate,high,FullBody,Moderate,Low
34,83,1.7,28.7,high,weight_loss,beginner,0,3,good,good,moderate,high,FullBody,Moderate,Medium
20,76,1.57,30.8,high,muscle_gain,beginner,1,3,poor,good,high,high,FullBody,Moderate,Low
23,56,1.61,21.6,low,muscle_gain,beginner,0,3,good,average,low,high,FullBody,Moderate,Low
42,60,1.67,21.5,low,muscle_gain,intermediate,2,3,easy,average,low,moderate,UpperLower,Moderate,High
18,77,1.56,31.6,high,weight_loss,beginner,1,4,easy,poor,high,moderate,FullBody,Low,Low
41,91,1.74,30.1,high,muscle_gain,intermediate,3,4,easy,good,moderate,moderate,UpperLower,High,Medium
18,63,1.71,21.5,low,muscle_gain,intermediate,2,3,easy,good,moderate,moderate,PPL,High,Medium
24,90,1.67,32.3,high,muscle_gain,beginner,1,5,good,poor,moderate,moderate,UpperLower,Low,Low
40,73,1.76,23.6,medium,weight_loss,intermediate,1,3,new,average,high,high,UpperLower,Moderate,High
24,64,1.65,23.5,medium,muscle_gain,intermediate,1,3,new,average,low,low,UpperLower,Moderate,Medium
31,86,1.64,32.0,high,weight_loss,intermediate,1,5,poor,good,low,moderate,UpperLower,Moderate,High
44,55,1.66,20.0,low,muscle_gain,intermediate,1,3,excellent,good,low,moderate,UpperLower,High,High
24,98,1.69,34.3,high,weight_loss,advanced,6,3,good,average,low,high,UpperLower,Moderate,High
21,82,1.62,31.2,high,muscle_gain,beginner,0,3,new,average,moderate,high,FullBody,Moderate,Medium
25,60,1.6,23.4,medium,weight_loss,beginner,0,6,excellent,average,high,high,FullBody,Moderate,Low
35,77,1.79,24.0,medium,weight_loss,beginner,1,3,good,average,low,high,FullBody,Moderate,Low
33,66,1.61,25.5,medium,muscle_gain,beginner,0,4,excellent,poor,low,moderate,FullBody,Low,Low
38,66,1.7,22.8,medium,weight_loss,intermediate,3,4,good,average,moderate,moderate,UpperLower,Moderate,Medium
37,81,1.63,30.5,high,weight_loss,beginner,0,4,new,average,moderate,low,FullBody,Moderate,Medium
39,94,1.7,32.5,high,weight_loss,beginner,0,4,good,average,high,high,FullBody,Moderate,Low
29,81,1.72,27.4,high,weight_loss,intermediate,3,3,good,good,low,moderate,UpperLower,Moderate,Medium
30,88,1.61,33.9,high,weight_loss,intermediate,3,6,good,good,moderate,high,UpperLower,Moderate,Medium
43,80,1.6,31.2,high,muscle_gain,intermediate,2,4,good,good,low,moderate,PPL,Moderate,Medium
41,70,1.65,25.7,medium,muscle_gain,beginner,1,5,easy,average,low,high,PPL,Moderate,Low
34,74,1.59,29.3,high,muscle_gain,advanced,7,3,poor,average,high,low,PPL,Moderate,High
22,92,1.63,34.6,high,muscle_gain,beginner,0,4,good,good,moderate,low,UpperLower,Moderate,Low
36,61,1.8,18.8,low,muscle_gain,beginner,0,5,good,average,high,moderate,UpperLower,Moderate,Medium
25,93,1.77,29.7,high,weight_loss,intermediate,2,4,new,average,moderate,high,UpperLower,Moderate,High
30,93,1.84,27.5,high,muscle_gain,beginner,0,4,excellent,poor,moderate,low,FullBody,Low,Low
34,99,1.68,35.1,high,muscle_gain,beginner,0,4,good,good,moderate,moderate,FullBody,Moderate,Low
39,60,1.83,17.9,low,muscle_gain,beginner,1,4,new,poor,low,high,UpperLower,Low,Medium
32,83,1.74,27.4,high,muscle_gain,advanced,8,3,poor,poor,high,high,UpperLower,Low,Low
18,62,1.65,22.8,medium,muscle_gain,intermediate,1,4,good,average,low,moderate,PPL,Moderate,Medium
40,79,1.75,25.8,medium,muscle_gain,intermediate,1,3,new,average,low,high,UpperLower,Moderate,Medium
26,97,1.75,31.7,high,muscle_gain,beginner,1,3,excellent,average,moderate,high,FullBody,Moderate,Low
20,87,1.61,33.6,high,weight_loss,intermediate,2,5,new,average,low,moderate,UpperLower,Moderate,High
25,87,1.85,25.4,medium,muscle_gain,beginner,0,3,poor,average,low,moderate,FullBody,Moderate,Medium
34,94,1.84,27.8,high,weight_loss,intermediate,2,4,good,average,moderate,moderate,UpperLower,Moderate,Medium
43,63,1.61,24.3,medium,muscle_gain,intermediate,3,4,new,good,low,moderate,FullBody,Moderate,Medium
28,64,1.8,19.8,low,weight_loss,intermediate,2,5,good,good,high,moderate,UpperLower,Moderate,Medium
22,94,1.61,36.3,high,weight_loss,intermediate,3,4,good,average,high,moderate,UpperLower,Moderate,High
29,79,1.61,30.5,high,muscle_gain,beginner,0,3,new,average,moderate,moderate,FullBody,Moderate,Low
32,86,1.81,26.3,medium,weight_loss,advanced,8,5,good,good,high,moderate,UpperLower,Moderate,High
35,100,1.71,34.2,high,weight_loss,intermediate,1,4,excellent,average,high,low,UpperLower,Moderate,High
19,83,1.61,32.0,high,muscle_gain,beginner,1,5,good,good,moderate,high,FullBody,Moderate,Low
20,62,1.77,19.8,low,muscle_gain,intermediate,2,5,good,average,low,moderate,PPL,Moderate,Medium
32,75,1.58,30.0,high,weight_loss,advanced,3,5,good,good,high,low,FullBody,Moderate,Medium
37,79,1.83,23.6,medium,muscle_gain,beginner,0,3,poor,poor,moderate,moderate,FullBody,Low,Low
32,66,1.64,24.5,medium,muscle_gain,beginner,1,3,good,average,moderate,high,UpperLower,Moderate,Low
24,85,1.73,28.4,high,muscle_gain,beginner,1,4,new,average,high,low,FullBody,Moderate,Low
19,57,1.59,22.5,medium,weight_loss,advanced,6,3,easy,good,low,moderate,UpperLower,High,High
35,84,1.6,32.8,high,weight_loss,beginner,1,3,excellent,good,high,high,FullBody,High,Low
21,72,1.76,23.2,medium,muscle_gain,beginner,0,3,new,good,moderate,high,FullBody,Moderate,Low
43,73,1.85,21.3,low,muscle_gain,advanced,7,3,good,average,moderate,moderate,PPL,Moderate,High
37,73,1.62,27.8,high,weight_loss,beginner,0,3,good,good,high,moderate,FullBody,Moderate,Low
38,95,1.61,36.6,high,muscle_gain,beginner,1,5,poor,average,low,high,UpperLower,Moderate,Low
23,76,1.61,29.3,high,weight_loss,intermediate,2,4,new,average,high,moderate,UpperLower,Moderate,High
31,58,1.83,17.3,low,weight_loss,beginner,0,5,poor,average,high,high,FullBody,Moderate,Medium
26,76,1.8,23.5,medium,weight_loss,intermediate,1,5,good,poor,high,moderate,FullBody,Low,Medium
20,70,1.7,24.2,medium,muscle_gain,advanced,5,4,good,good,moderate,high,PPL,Moderate,High
33,64,1.82,19.3,low,muscle_gain,advanced,3,5,good,good,high,moderate,PPL,Moderate,High
32,88,1.67,31.6,high,muscle_gain,beginner,0,3,excellent,good,low,high,UpperLower,High,Low
42,68,1.64,25.3,medium,muscle_gain,beginner,1,3,poor,average,low,low,PPL,Moderate,Low
21,77,1.61,29.7,high,muscle_gain,beginner,0,6,excellent,average,high,moderate,FullBody,Moderate,Low
39,79,1.57,32.0,high,muscle_gain,beginner,1,3,good,average,high,high,UpperLower,Moderate,Low
42,91,1.78,28.7,high,muscle_gain,advanced,8,6,good,average,moderate,moderate,UpperLower,Moderate,High
37,78,1.63,29.4,high,muscle_gain,intermediate,2,5,excellent,poor,moderate,moderate,PPL,Low,Medium
42,91,1.65,33.4,high,muscle_gain,beginner,1,5,excellent,poor,low,moderate,FullBody,Low,Low
25,85,1.71,29.1,high,muscle_gain,beginner,1,5,good,average,low,high,FullBody,Moderate,Medium
36,62,1.8,19.1,low,muscle_gain,intermediate,2,4,excellent,poor,low,high,PPL,Low,Medium
33,58,1.74,19.2,low,muscle_gain,advanced,8,5,easy,poor,moderate,low,PPL,Low,High
39,74,1.81,22.6,medium,muscle_gain,advanced,5,4,easy,good,moderate,high,PPL,High,Medium
45,78,1.64,29.0,high,weight_loss,advanced,5,3,good,good,moderate,high,UpperLower,Moderate,High
30,68,1.68,24.1,medium,weight_loss,intermediate,2,3,poor,average,high,low,UpperLower,Moderate,High
22,86,1.77,27.5,high,weight_loss,advanced,8,3,new,average,moderate,low,UpperLower,Moderate,High
29,82,1.62,31.2,high,weight_loss,intermediate,2,5,new,average,low,low,UpperLower,Moderate,Medium
40,88,1.57,35.7,high,weight_loss,advanced,7,5,good,poor,moderate,high,UpperLower,Low,High
38,92,1.71,31.5,high,muscle_gain,beginner,1,4,excellent,good,moderate,moderate,FullBody,High,Medium
27,57,1.64,21.2,low,weight_loss,intermediate,1,4,excellent,average,low,low,FullBody,Moderate,High
37,86,1.56,35.3,high,muscle_gain,intermediate,3,5,poor,average,low,high,PPL,Moderate,Low
41,83,1.6,32.4,high,muscle_gain,beginner,0,5,new,average,low,low,PPL,Moderate,Low
33,81,1.78,25.6,medium,weight_loss,beginner,0,4,good,good,low,moderate,UpperLower,Moderate,Low
32,74,1.67,26.5,medium,muscle_gain,advanced,5,6,new,poor,high,low,UpperLower,Low,High
39,88,1.64,32.7,high,weight_loss,beginner,1,6,good,good,moderate,moderate,FullBody,Moderate,Low
30,98,1.69,34.3,high,weight_loss,intermediate,3,4,new,good,moderate,low,UpperLower,Moderate,Medium
31,61,1.58,24.4,medium,weight_loss,beginner,0,5,poor,poor,high,high,UpperLower,Low,Low
38,62,1.59,24.5,medium,muscle_gain,intermediate,1,4,excellent,poor,low,high,UpperLower,Low,Medium
26,99,1.78,31.2,high,weight_loss,intermediate,2,4,new,average,moderate,low,FullBody,Moderate,Medium
32,67,1.57,27.2,high,weight_loss,beginner,1,4,new,average,high,high,FullBody,Moderate,Low
36,83,1.77,26.5,medium,muscle_gain,intermediate,3,5,new,average,moderate,high,PPL,Moderate,Medium
42,82,1.7,28.4,high,muscle_gain,intermediate,1,5,new,good,high,moderate,PPL,Moderate,Low
29,74,1.65,27.2,high,muscle_gain,intermediate,1,6,new,good,low,moderate,PPL,Moderate,Low
39,99,1.61,38.2,high,muscle_gain,beginner,1,5,good,poor,low,high,FullBody,Low,Low
20,96,1.79,30.0,high,muscle_gain,intermediate,1,5,good,poor,moderate,low,UpperLower,Low,High
39,98,1.71,33.5,high,weight_loss,intermediate,1,5,new,poor,high,moderate,FullBody,Low,Medium
40,55,1.74,18.2,low,muscle_gain,beginner,1,4,excellent,good,low,high,FullBody,High,Low
37,67,1.62,25.5,medium,muscle_gain,advanced,8,6,good,average,low,high,UpperLower,Moderate,Medium
36,59,1.6,23.0,medium,muscle_gain,beginner,0,4,good,good,low,low,UpperLower,Moderate,Low
42,86,1.6,33.6,high,muscle_gain,beginner,1,6,good,good,moderate,high,FullBody,Moderate,Low
34,70,1.69,24.5,medium,weight_loss,intermediate,3,3,new,average,high,moderate,UpperLower,Moderate,Medium
21,61,1.85,17.8,low,weight_loss,advanced,8,6,good,average,low,low,FullBody,Moderate,Medium
33,97,1.6,37.9,high,weight_loss,beginner,1,4,new,good,high,low,UpperLower,Moderate,Medium
23,56,1.6,21.9,low,muscle_gain,beginner,1,5,good,good,high,low,FullBody,Moderate,Low
25,67,1.77,21.4,low,muscle_gain,beginner,1,4,good,good,moderate,low,FullBody,Moderate,Medium
38,72,1.66,26.1,medium,muscle_gain,beginner,0,5,new,average,low,moderate,UpperLower,Moderate,Low
43,94,1.79,29.3,high,weight_loss,intermediate,3,4,new,good,moderate,moderate,UpperLower,Moderate,Medium
45,75,1.62,28.6,high,muscle_gain,beginner,0,6,easy,poor,moderate,high,FullBody,Low,Low
33,99,1.79,30.9,high,weight_loss,intermediate,3,3,good,average,moderate,moderate,UpperLower,Moderate,Low
18,74,1.69,25.9,medium,muscle_gain,intermediate,2,4,good,good,moderate,high,UpperLower,Moderate,Medium
38,95,1.55,39.5,high,muscle_gain,advanced,8,4,new,good,moderate,high,UpperLower,Moderate,High
28,58,1.77,18.5,low,muscle_gain,advanced,6,4,new,average,low,low,PPL,Moderate,High
40,63,1.78,19.9,low,weight_loss,beginner,0,3,good,average,high,moderate,FullBody,Moderate,Low
29,86,1.65,31.6,high,muscle_gain,advanced,7,4,good,average,moderate,high,UpperLower,Moderate,Medium
24,84,1.82,25.4,medium,muscle_gain,beginner,0,3,easy,average,moderate,moderate,UpperLower,Moderate,Low
38,81,1.56,33.3,high,weight_loss,intermediate,3,3,poor,poor,low,low,FullBody,Low,Low
28,76,1.67,27.3,high,weight_loss,intermediate,2,4,good,average,high,moderate,UpperLower,Moderate,Medium
27,58,1.78,18.3,low,muscle_gain,beginner,0,6,good,average,high,high,UpperLower,Moderate,Low
22,62,1.6,24.2,medium,muscle_gain,beginner,0,3,poor,good,moderate,high,FullBody,Moderate,Low
23,62,1.71,21.2,low,weight_loss,beginner,1,4,new,poor,high,high,FullBody,Low,Medium
33,91,1.82,27.5,high,weight_loss,intermediate,3,5,easy,good,high,low,UpperLower,High,Medium
44,77,1.62,29.3,high,muscle_gain,beginner,0,4,good,poor,moderate,moderate,UpperLower,Low,Low
34,86,1.67,30.8,high,muscle_gain,intermediate,2,6,easy,good,moderate,moderate,UpperLower,High,Medium
27,90,1.84,26.6,medium,muscle_gain,intermediate,2,4,easy,good,high,moderate,PPL,High,Medium
36,64,1.73,21.4,low,muscle_gain,intermediate,3,5,easy,poor,moderate,high,UpperLower,Low,Medium
40,63,1.72,21.3,low,muscle_gain,advanced,5,3,good,average,moderate,low,UpperLower,Moderate,High
27,95,1.84,28.1,high,muscle_gain,intermediate,3,5,good,average,low,moderate,FullBody,Moderate,Medium
41,85,1.66,30.8,high,muscle_gain,advanced,7,4,good,good,low,moderate,PPL,Moderate,High
32,63,1.81,19.2,low,muscle_gain,beginner,1,4,good,average,moderate,low,FullBody,Moderate,Low
42,65,1.58,26.0,medium,muscle_gain,advanced,8,5,good,average,low,moderate,PPL,Moderate,High
22,78,1.71,26.7,medium,weight_loss,beginner,0,6,new,average,low,high,UpperLower,Moderate,Medium
34,100,1.8,30.9,high,muscle_gain,intermediate,1,3,good,good,moderate,moderate,UpperLower,Moderate,High
37,76,1.71,26.0,medium,muscle_gain,beginner,0,5,new,average,low,moderate,PPL,Moderate,Low
42,59,1.79,18.4,low,muscle_gain,intermediate,3,4,new,average,moderate,high,UpperLower,Moderate,Medium
18,62,1.78,19.6,low,weight_loss,beginner,1,6,new,poor,high,low,FullBody,Low,Low
45,94,1.7,32.5,high,muscle_gain,intermediate,3,3,good,good,high,low,PPL,Moderate,Medium
41,68,1.58,27.2,high,weight_loss,advanced,8,4,good,good,low,moderate,UpperLower,Moderate,High
21,75,1.78,23.7,medium,muscle_gain,beginner,1,3,excellent,poor,low,low,FullBody,Low,Low
27,83,1.76,26.8,medium,muscle_gain,beginner,0,6,good,average,low,high,UpperLower,Moderate,Low
34,60,1.75,19.6,low,muscle_gain,beginner,0,5,easy,good,low,moderate,PPL,High,Low
44,86,1.68,30.5,high,muscle_gain,intermediate,2,4,poor,average,high,high,PPL,Moderate,Medium
32,71,1.58,28.4,high,muscle_gain,beginner,0,6,new,average,high,moderate,UpperLower,Moderate,Low
37,59,1.74,19.5,low,weight_loss,intermediate,3,4,good,average,moderate,low,UpperLower,Moderate,Low
19,62,1.85,18.1,low,muscle_gain,beginner,0,4,good,average,moderate,high,FullBody,Moderate,Low
27,86,1.76,27.8,high,weight_loss,intermediate,2,4,good,good,moderate,moderate,FullBody,Moderate,High
29,73,1.78,23.0,medium,muscle_gain,beginner,1,3,excellent,poor,high,moderate,FullBody,Low,Low
29,58,1.67,20.8,low,weight_loss,beginner,0,4,good,average,low,low,FullBody,Moderate,Medium
36,81,1.7,28.0,high,muscle_gain,intermediate,3,4,easy,average,low,moderate,PPL,Moderate,Medium
33,97,1.7,33.6,high,muscle_gain,intermediate,3,4,good,good,moderate,moderate,UpperLower,Moderate,Low
30,94,1.79,29.3,high,weight_loss,beginner,1,5,new,average,moderate,moderate,FullBody,Moderate,Low
44,74,1.64,27.5,high,muscle_gain,intermediate,3,3,good,poor,low,high,PPL,Low,Medium
24,84,1.75,27.4,high,muscle_gain,intermediate,3,5,excellent,average,moderate,moderate,UpperLower,Moderate,Medium
39,82,1.78,25.9,medium,muscle_gain,advanced,5,6,good,average,low,high,PPL,Moderate,High
24,74,1.56,30.4,high,muscle_gain,intermediate,1,4,good,average,low,high,UpperLower,Moderate,Medium
38,86,1.81,26.3,medium,weight_loss,beginner,1,5,poor,good,high,high,FullBody,Moderate,Medium
44,62,1.59,24.5,medium,muscle_gain,intermediate,2,3,good,average,low,high,UpperLower,Moderate,Medium
30,70,1.79,21.8,low,weight_loss,beginner,1,3,new,average,moderate,moderate,FullBody,Moderate,Medium
28,85,1.71,29.1,high,weight_loss,advanced,8,5,easy,average,moderate,high,UpperLower,Moderate,High
41,58,1.75,18.9,low,weight_loss,intermediate,3,3,good,average,high,low,FullBody,Moderate,Medium
30,71,1.83,21.2,low,muscle_gain,advanced,8,5,poor,average,high,moderate,UpperLower,Moderate,High
20,86,1.8,26.5,medium,muscle_gain,beginner,0,5,good,average,low,moderate,UpperLower,Moderate,Low
28,56,1.69,19.6,low,weight_loss,intermediate,1,3,good,average,moderate,moderate,UpperLower,Moderate,Medium
40,96,1.84,28.4,high,weight_loss,advanced,6,5,excellent,good,low,low,UpperLower,High,High
20,66,1.67,23.7,medium,muscle_gain,beginner,0,5,good,average,moderate,high,PPL,Moderate,Low
40,58,1.81,17.7,low,muscle_gain,beginner,1,3,new,poor,moderate,moderate,PPL,Low,Low
39,69,1.7,23.9,medium,weight_loss,beginner,1,5,excellent,average,moderate,moderate,FullBody,Moderate,Medium
41,81,1.75,26.4,medium,muscle_gain,intermediate,3,3,easy,good,low,high,PPL,High,Medium
22,99,1.81,30.2,high,muscle_gain,beginner,1,4,good,average,low,high,FullBody,Moderate,Low
37,93,1.83,27.8,high,weight_loss,advanced,6,3,good,average,low,high,UpperLower,Moderate,High
33,84,1.83,25.1,medium,muscle_gain,beginner,0,4,new,good,moderate,high,FullBody,Moderate,Low
31,71,1.63,26.7,medium,weight_loss,intermediate,2,3,poor,good,high,low,UpperLower,Moderate,High
19,58,1.61,22.4,medium,muscle_gain,beginner,1,3,good,poor,low,high,FullBody,Low,Low
45,64,1.77,20.4,low,muscle_gain,beginner,0,5,new,good,moderate,moderate,FullBody,Moderate,Medium
18,91,1.71,31.1,high,muscle_gain,advanced,3,3,good,average,high,low,PPL,Moderate,Medium
21,64,1.8,19.8,low,muscle_gain,intermediate,3,5,good,poor,high,moderate,FullBody,Low,Medium
41,91,1.85,26.6,medium,muscle_gain,advanced,3,5,poor,average,moderate,low,PPL,Moderate,High
42,60,1.81,18.3,low,muscle_gain,beginner,0,4,good,average,moderate,high,FullBody,Moderate,Low
22,61,1.66,22.1,medium,weight_loss,intermediate,2,4,excellent,average,low,moderate,UpperLower,Moderate,Medium
38,57,1.68,20.2,low,muscle_gain,advanced,7,5,good,average,moderate,low,PPL,Moderate,Medium
33,63,1.64,23.4,medium,weight_loss,beginner,0,3,good,good,moderate,moderate,FullBody,Moderate,Low
41,71,1.72,24.0,medium,muscle_gain,intermediate,1,5,new,good,low,moderate,PPL,Moderate,Medium
41,97,1.69,34.0,high,muscle_gain,advanced,4,4,easy,poor,high,moderate,PPL,Low,High
18,62,1.55,25.8,medium,muscle_gain,intermediate,2,4,good,good,moderate,high,FullBody,Moderate,High
43,63,1.64,23.4,medium,muscle_gain,beginner,0,5,good,average,low,moderate,UpperLower,Moderate,Medium
35,74,1.61,28.5,high,weight_loss,beginner,0,4,new,average,moderate,low,FullBody,Moderate,Low
27,80,1.72,27.0,high,muscle_gain,beginner,1,4,good,average,moderate,high,FullBody,Moderate,Low
34,94,1.73,31.4,high,weight_loss,advanced,3,5,new,average,moderate,low,UpperLower,Moderate,High
33,94,1.59,37.2,high,weight_loss,beginner,1,5,new,average,moderate,moderate,FullBody,Moderate,Low
37,100,1.81,30.5,high,weight_loss,beginner,1,3,good,good,high,high,UpperLower,Moderate,Low
27,60,1.76,19.4,low,weight_loss,beginner,0,3,good,average,moderate,low,FullBody,Moderate,Medium
29,66,1.75,21.6,low,weight_loss,advanced,7,3,new,average,moderate,moderate,UpperLower,Moderate,Medium
42,90,1.56,37.0,high,muscle_gain,beginner,0,5,good,good,moderate,moderate,UpperLower,Moderate,Low
21,94,1.78,29.7,high,weight_loss,advanced,8,5,new,poor,moderate,moderate,FullBody,Low,Medium
33,61,1.77,19.5,low,muscle_gain,beginner,0,5,new,good,low,high,FullBody,Moderate,Low
23,78,1.58,31.2,high,weight_loss,beginner,1,4,new,good,moderate,moderate,FullBody,Moderate,Medium
43,56,1.75,18.3,low,muscle_gain,intermediate,1,5,good,average,high,low,UpperLower,Moderate,High
39,64,1.83,19.1,low,weight_loss,beginner,1,4,good,good,high,high,UpperLower,Moderate,Low
29,72,1.55,30.0,high,weight_loss,intermediate,3,3,good,good,high,high,FullBody,Moderate,Medium
24,60,1.81,18.3,low,muscle_gain,beginner,0,5,good,average,low,moderate,FullBody,Moderate,Medium
23,89,1.56,36.6,high,muscle_gain,beginner,0,5,good,good,low,moderate,FullBody,Moderate,Medium
21,91,1.68,32.2,high,weight_loss,intermediate,2,6,excellent,average,high,high,FullBody,Moderate,Medium
25,88,1.58,35.3,high,muscle_gain,advanced,3,4,new,poor,moderate,low,PPL,Low,High
39,92,1.71,31.5,high,muscle_gain,intermediate,2,5,good,good,moderate,high,PPL,Moderate,Medium
22,84,1.7,29.1,high,muscle_gain,intermediate,2,5,new,poor,low,moderate,FullBody,Low,Medium
45,62,1.67,22.2,medium,muscle_gain,beginner,1,4,new,average,low,low,UpperLower,Moderate,Low
27,68,1.82,20.5,low,muscle_gain,intermediate,1,3,good,average,low,moderate,UpperLower,Moderate,Medium
44,93,1.77,29.7,high,muscle_gain,beginner,1,4,excellent,average,moderate,high,FullBody,Moderate,Low
30,57,1.65,20.9,low,weight_loss,advanced,3,5,good,average,high,moderate,UpperLower,Moderate,High
24,89,1.84,26.3,medium,muscle_gain,beginner,1,4,new,poor,high,low,FullBody,Low,Medium
25,92,1.8,28.4,high,muscle_gain,advanced,3,4,good,average,low,low,PPL,Moderate,High
20,61,1.58,24.4,medium,muscle_gain,beginner,0,3,excellent,average,low,high,FullBody,Moderate,Medium
27,75,1.67,26.9,medium,muscle_gain,advanced,4,3,easy,average,moderate,moderate,PPL,Moderate,High
21,75,1.63,28.2,high,muscle_gain,beginner,0,4,good,average,moderate,low,UpperLower,Moderate,Low
22,81,1.64,30.1,high,muscle_gain,advanced,7,4,excellent,good,moderate,moderate,PPL,High,Medium
32,84,1.56,34.5,high,weight_loss,intermediate,2,5,new,average,high,moderate,UpperLower,Moderate,High
36,73,1.8,22.5,medium,muscle_gain,intermediate,3,4,poor,good,moderate,high,PPL,Moderate,Medium
34,75,1.84,22.2,medium,weight_loss,advanced,4,4,easy,average,moderate,moderate,UpperLower,Moderate,High
40,55,1.59,21.8,low,weight_loss,beginner,1,3,new,poor,high,moderate,FullBody,Low,Medium
44,98,1.75,32.0,high,muscle_gain,advanced,8,4,good,good,low,moderate,PPL,Moderate,High
41,72,1.56,29.6,high,weight_loss,intermediate,3,3,excellent,average,moderate,moderate,UpperLower,Moderate,Low
40,55,1.73,18.4,low,muscle_gain,advanced,7,4,excellent,poor,moderate,moderate,PPL,Low,High
36,59,1.59,23.3,medium,muscle_gain,advanced,8,5,excellent,poor,high,high,PPL,Low,High
32,82,1.55,34.1,high,weight_loss,advanced,5,3,easy,poor,moderate,moderate,UpperLower,Low,High
19,81,1.63,30.5,high,muscle_gain,beginner,0,4,poor,good,moderate,low,FullBody,Moderate,Low
27,95,1.57,38.5,high,muscle_gain,intermediate,2,5,good,poor,low,moderate,UpperLower,Low,Medium
43,59,1.62,22.5,medium,weight_loss,intermediate,1,5,good,good,moderate,high,FullBody,Moderate,Medium
43,74,1.68,26.2,medium,weight_loss,beginner,0,3,new,average,high,moderate,UpperLower,Moderate,Medium
37,79,1.55,32.9,high,muscle_gain,beginner,0,4,new,average,low,low,FullBody,Moderate,Low
43,91,1.8,28.1,high,muscle_gain,intermediate,1,4,good,poor,low,low,PPL,Low,Medium
38,74,1.78,23.4,medium,muscle_gain,intermediate,2,3,good,good,moderate,high,UpperLower,Moderate,Medium
44,58,1.8,17.9,low,muscle_gain,beginner,0,3,easy,average,moderate,high,FullBody,Moderate,Low
36,76,1.72,25.7,medium,weight_loss,beginner,0,3,good,good,high,high,FullBody,Moderate,Low
33,76,1.77,24.3,medium,weight_loss,beginner,0,4,excellent,poor,low,low,FullBody,Low,Low
36,78,1.82,23.5,medium,muscle_gain,beginner,1,3,new,average,moderate,low,FullBody,Moderate,Medium
21,98,1.56,40.3,high,muscle_gain,intermediate,2,5,poor,average,high,high,FullBody,Moderate,Low
37,100,1.81,30.5,high,muscle_gain,beginner,0,6,excellent,average,low,moderate,UpperLower,Moderate,Medium
42,67,1.73,22.4,medium,weight_loss,beginner,1,3,new,good,high,moderate,FullBody,Moderate,Low
39,65,1.73,21.7,low,muscle_gain,intermediate,3,4,good,poor,moderate,moderate,PPL,Low,Low
33,80,1.63,30.1,high,weight_loss,intermediate,2,4,new,average,moderate,high,FullBody,Moderate,Medium
35,60,1.58,24.0,medium,muscle_gain,intermediate,2,3,new,average,moderate,high,UpperLower,Moderate,Medium
23,71,1.68,25.2,medium,weight_loss,beginner,0,3,excellent,poor,low,low,FullBody,Low,Low
28,98,1.63,36.9,high,weight_loss,beginner,1,4,new,average,moderate,high,FullBody,Moderate,Medium
18,87,1.69,30.5,high,weight_loss,advanced,4,5,new,average,high,high,UpperLower,Moderate,Medium
28,82,1.8,25.3,medium,weight_loss,intermediate,2,3,good,average,low,high,UpperLower,Moderate,High
44,69,1.66,25.0,medium,muscle_gain,intermediate,2,4,excellent,poor,moderate,high,UpperLower,Low,Low
28,93,1.72,31.4,high,weight_loss,intermediate,1,4,poor,average,moderate,moderate,FullBody,Moderate,High
27,61,1.58,24.4,medium,weight_loss,beginner,0,5,good,poor,high,moderate,FullBody,Low,Low
20,78,1.69,27.3,high,muscle_gain,beginner,0,5,good,average,moderate,low,PPL,Moderate,Medium
22,74,1.81,22.6,medium,muscle_gain,intermediate,3,4,good,average,moderate,moderate,UpperLower,Moderate,Medium
20,93,1.8,28.7,high,weight_loss,intermediate,2,6,excellent,poor,low,high,FullBody,Low,Medium
44,74,1.76,23.9,medium,muscle_gain,advanced,8,5,good,average,low,high,PPL,Moderate,High
40,70,1.83,20.9,low,weight_loss,beginner,0,5,good,good,moderate,moderate,UpperLower,Moderate,Medium
20,87,1.78,27.5,high,weight_loss,beginner,0,4,poor,poor,high,high,FullBody,Low,Low
45,57,1.61,22.0,medium,muscle_gain,beginner,1,6,poor,poor,moderate,moderate,PPL,Low,Low
44,65,1.63,24.5,medium,muscle_gain,beginner,1,3,poor,average,low,moderate,FullBody,Moderate,Low
40,98,1.56,40.3,high,muscle_gain,beginner,0,3,good,average,low,low,UpperLower,Moderate,Medium
25,70,1.66,25.4,medium,muscle_gain,beginner,0,3,new,poor,high,low,UpperLower,Low,Low
41,81,1.6,31.6,high,muscle_gain,advanced,6,4,good,good,low,moderate,PPL,Moderate,High
30,55,1.75,18.0,low,muscle_gain,intermediate,1,3,excellent,good,moderate,moderate,PPL,High,Low
40,91,1.71,31.1,high,muscle_gain,advanced,8,4,easy,poor,low,high,PPL,Low,Medium
39,76,1.69,26.6,medium,muscle_gain,advanced,7,4,good,good,low,low,UpperLower,Moderate,High
25,70,1.77,22.3,medium,weight_loss,beginner,0,4,poor,average,moderate,high,UpperLower,Moderate,Medium
22,96,1.63,36.1,high,weight_loss,beginner,1,5,good,good,moderate,moderate,FullBody,Moderate,Medium
39,98,1.85,28.6,high,weight_loss,beginner,0,5,good,poor,high,low,FullBody,Low,Low
22,63,1.83,18.8,low,muscle_gain,intermediate,3,5,easy,average,moderate,low,UpperLower,Moderate,Medium
37,73,1.62,27.8,high,muscle_gain,advanced,5,3,excellent,average,low,moderate,PPL,Moderate,High
42,85,1.6,33.2,high,muscle_gain,beginner,1,5,excellent,poor,moderate,moderate,FullBody,Low,Low
30,85,1.72,28.7,high,muscle_gain,beginner,0,4,new,good,moderate,moderate,FullBody,Moderate,Low
30,78,1.84,23.0,medium,muscle_gain,beginner,0,6,new,good,low,high,PPL,Moderate,Medium
42,87,1.77,27.8,high,weight_loss,intermediate,2,4,new,average,moderate,high,UpperLower,Moderate,High
18,96,1.76,31.0,high,muscle_gain,intermediate,3,6,new,good,high,low,PPL,Moderate,High
30,92,1.67,33.0,high,weight_loss,beginner,0,6,excellent,average,moderate,moderate,UpperLower,Moderate,Low
41,60,1.67,21.5,low,muscle_gain,intermediate,3,5,excellent,good,low,low,FullBody,High,High
18,99,1.58,39.7,high,muscle_gain,beginner,0,3,good,good,low,low,PPL,Moderate,Low
44,67,1.61,25.8,medium,muscle_gain,beginner,1,5,poor,good,low,high,FullBody,Moderate,Low
21,76,1.63,28.6,high,muscle_gain,beginner,0,4,excellent,good,low,moderate,PPL,High,Low
34,79,1.79,24.7,medium,weight_loss,advanced,7,5,easy,average,moderate,high,UpperLower,Moderate,Medium
29,79,1.75,25.8,medium,weight_loss,advanced,8,5,excellent,average,high,high,UpperLower,Moderate,High
40,70,1.78,22.1,medium,muscle_gain,intermediate,3,5,good,poor,moderate,high,UpperLower,Low,High
45,75,1.56,30.8,high,weight_loss,beginner,0,4,good,good,high,moderate,UpperLower,Moderate,Low
21,73,1.77,23.3,medium,weight_loss,intermediate,1,5,excellent,good,moderate,high,FullBody,High,Medium
32,85,1.84,25.1,medium,weight_loss,beginner,0,3,excellent,good,low,high,FullBody,High,Low
26,71,1.62,27.1,high,weight_loss,advanced,8,5,good,average,moderate,moderate,UpperLower,Moderate,High
28,100,1.66,36.3,high,weight_loss,intermediate,1,5,excellent,average,moderate,low,UpperLower,Moderate,Medium
24,62,1.77,19.8,low,muscle_gain,beginner,0,4,poor,average,low,low,FullBody,Moderate,Medium
43,63,1.75,20.6,low,muscle_gain,intermediate,2,3,poor,good,low,low,PPL,Moderate,Medium
27,97,1.59,38.4,high,weight_loss,advanced,8,3,poor,average,high,moderate,FullBody,Moderate,High
43,100,1.65,36.7,high,muscle_gain,intermediate,1,5,good,good,low,high,FullBody,Moderate,Medium
18,76,1.71,26.0,medium,muscle_gain,intermediate,3,4,poor,average,moderate,low,PPL,Moderate,Medium
22,92,1.65,33.8,high,weight_loss,beginner,0,6,poor,average,moderate,high,FullBody,Moderate,Medium
24,55,1.77,17.6,low,muscle_gain,advanced,6,3,excellent,average,low,low,PPL,Moderate,High
19,87,1.59,34.4,high,weight_loss,intermediate,1,6,good,poor,moderate,moderate,UpperLower,Low,High
42,97,1.76,31.3,high,weight_loss,intermediate,3,5,good,average,low,low,UpperLower,Moderate,High
34,92,1.62,35.1,high,muscle_gain,intermediate,2,3,good,good,moderate,moderate,UpperLower,Moderate,Medium
40,89,1.82,26.9,medium,muscle_gain,advanced,7,3,good,good,moderate,high,PPL,Moderate,Medium
24,62,1.84,18.3,low,muscle_gain,intermediate,1,3,good,poor,low,low,PPL,Low,Low
19,62,1.58,24.8,medium,muscle_gain,beginner,0,4,good,poor,high,high,FullBody,Low,Low
22,99,1.72,33.5,high,muscle_gain,advanced,3,6,good,average,low,low,PPL,Moderate,Medium
24,93,1.84,27.5,high,muscle_gain,intermediate,1,3,good,average,low,high,UpperLower,Moderate,Medium
26,99,1.75,32.3,high,muscle_gain,beginner,0,4,poor,average,moderate,moderate,FullBody,Moderate,Medium
28,82,1.85,24.0,medium,muscle_gain,advanced,7,3,poor,average,low,low,UpperLower,Moderate,Medium
22,69,1.81,21.1,low,muscle_gain,beginner,0,6,new,average,high,moderate,UpperLower,Moderate,Low
29,73,1.76,23.6,medium,muscle_gain,intermediate,1,5,new,good,moderate,high,PPL,Moderate,Low
30,63,1.69,22.1,medium,muscle_gain,intermediate,2,5,good,good,low,high,FullBody,Moderate,High
25,81,1.75,26.4,medium,weight_loss,beginner,1,6,excellent,average,high,high,FullBody,Moderate,Low
20,81,1.83,24.2,medium,weight_loss,advanced,4,4,new,average,low,moderate,UpperLower,Moderate,Medium
18,82,1.84,24.2,medium,weight_loss,advanced,3,3,good,average,high,high,FullBody,Moderate,High
25,97,1.85,28.3,high,weight_loss,advanced,6,5,good,good,high,high,UpperLower,Moderate,High
44,77,1.59,30.5,high,weight_loss,beginner,0,4,poor,average,moderate,high,FullBody,Moderate,Low
27,55,1.63,20.7,low,weight_loss,intermediate,2,3,poor,good,low,low,UpperLower,Moderate,Medium
29,66,1.82,19.9,low,muscle_gain,beginner,0,4,new,good,low,moderate,FullBody,Moderate,Low
29,82,1.64,30.5,high,weight_loss,intermediate,1,3,easy,average,moderate,moderate,UpperLower,Moderate,Medium
19,81,1.59,32.0,high,weight_loss,advanced,5,3,new,poor,moderate,moderate,UpperLower,Low,Medium
42,87,1.81,26.6,medium,weight_loss,intermediate,1,5,new,poor,moderate,high,UpperLower,Low,High
28,93,1.68,33.0,high,weight_loss,beginner,1,3,good,poor,moderate,moderate,UpperLower,Low,Medium
40,82,1.62,31.2,high,muscle_gain,intermediate,1,5,good,average,low,low,UpperLower,Moderate,Medium
24,82,1.83,24.5,medium,muscle_gain,beginner,1,5,poor,good,low,moderate,FullBody,Moderate,Low
19,72,1.64,26.8,medium,muscle_gain,advanced,3,5,new,poor,moderate,moderate,PPL,Low,High
37,66,1.58,26.4,medium,muscle_gain,intermediate,3,4,new,good,low,moderate,PPL,Moderate,High
36,78,1.71,26.7,medium,muscle_gain,beginner,0,4,new,good,low,moderate,PPL,Moderate,Low
24,83,1.61,32.0,high,weight_loss,beginner,1,4,poor,good,low,low,FullBody,Moderate,Low
42,90,1.81,27.5,high,weight_loss,advanced,6,4,good,average,high,moderate,UpperLower,Moderate,High
22,91,1.64,33.8,high,muscle_gain,advanced,7,3,excellent,good,high,low,UpperLower,High,High
42,93,1.67,33.3,high,muscle_gain,beginner,0,3,new,average,moderate,moderate,UpperLower,Moderate,Low
26,65,1.72,22.0,medium,muscle_gain,intermediate,1,3,good,good,low,high,FullBody,Moderate,Medium
21,77,1.55,32.0,high,weight_loss,advanced,4,4,easy,average,high,moderate,FullBody,Moderate,Medium
25,72,1.77,23.0,medium,muscle_gain,advanced,8,4,easy,average,high,moderate,PPL,Moderate,High
24,69,1.8,21.3,low,muscle_gain,beginner,1,4,excellent,average,moderate,low,PPL,Moderate,Low
23,66,1.69,23.1,medium,muscle_gain,intermediate,2,5,good,good,high,high,UpperLower,Moderate,Medium
31,96,1.62,36.6,high,weight_loss,beginner,0,4,good,average,low,high,UpperLower,Moderate,Low
19,60,1.59,23.7,medium,muscle_gain,advanced,7,4,excellent,good,low,high,PPL,High,High
36,65,1.82,19.6,low,muscle_gain,intermediate,3,3,good,poor,high,low,UpperLower,Low,Medium
44,55,1.67,19.7,low,weight_loss,beginner,1,4,new,average,high,high,FullBody,Moderate,Low
21,73,1.62,27.8,high,muscle_gain,intermediate,1,3,easy,poor,moderate,moderate,UpperLower,Low,Medium
39,94,1.76,30.3,high,weight_loss,beginner,1,3,easy,good,high,high,FullBody,High,Low
22,85,1.67,30.5,high,weight_loss,beginner,0,4,good,good,low,moderate,FullBody,Moderate,Low
40,93,1.84,27.5,high,weight_loss,beginner,0,5,good,average,moderate,moderate,FullBody,Moderate,Low
20,81,1.72,27.4,high,muscle_gain,intermediate,1,5,new,poor,high,low,PPL,Low,Low
21,77,1.57,31.2,high,muscle_gain,advanced,7,5,new,good,high,moderate,UpperLower,Moderate,High
22,99,1.59,39.2,high,weight_loss,beginner,1,3,easy,poor,moderate,moderate,FullBody,Low,Low
22,60,1.66,21.8,low,muscle_gain,beginner,0,5,good,poor,moderate,high,FullBody,Low,Medium
32,99,1.78,31.2,high,muscle_gain,beginner,0,3,good,poor,high,high,UpperLower,Low,Low
44,91,1.63,34.3,high,muscle_gain,intermediate,3,4,new,good,low,moderate,PPL,Moderate,Medium
23,90,1.8,27.8,high,weight_loss,beginner,1,5,good,poor,moderate,moderate,FullBody,Low,Low
29,76,1.73,25.4,medium,muscle_gain,beginner,0,4,new,average,moderate,low,FullBody,Moderate,Medium
36,85,1.56,34.9,high,muscle_gain,beginner,1,6,new,average,low,moderate,FullBody,Moderate,Low
39,81,1.58,32.4,high,weight_loss,intermediate,3,4,excellent,average,high,low,UpperLower,Moderate,High
20,60,1.82,18.1,low,weight_loss,beginner,0,3,good,good,moderate,high,UpperLower,Moderate,Low
42,63,1.65,23.1,medium,muscle_gain,beginner,1,5,good,good,moderate,high,FullBody,Moderate,Medium
21,64,1.79,20.0,low,weight_loss,beginner,0,5,excellent,average,low,low,FullBody,Moderate,Low
29,66,1.58,26.4,medium,weight_loss,intermediate,3,6,easy,good,high,moderate,UpperLower,High,Medium
31,98,1.81,29.9,high,muscle_gain,beginner,1,5,easy,average,moderate,high,PPL,Moderate,Low
38,70,1.57,28.4,high,weight_loss,intermediate,1,3,new,average,low,moderate,UpperLower,Moderate,Medium
38,84,1.71,28.7,high,muscle_gain,beginner,1,3,easy,average,low,moderate,UpperLower,Moderate,Low
41,72,1.69,25.2,medium,muscle_gain,intermediate,2,6,new,poor,moderate,moderate,FullBody,Low,Medium
31,68,1.84,20.1,low,muscle_gain,advanced,8,6,good,poor,low,low,PPL,Low,Medium
32,88,1.81,26.9,medium,muscle_gain,advanced,5,3,new,poor,low,moderate,PPL,Low,High
23,82,1.84,24.2,medium,muscle_gain,intermediate,1,4,new,average,moderate,moderate,FullBody,Moderate,Low
41,75,1.8,23.1,medium,muscle_gain,advanced,8,6,good,average,moderate,low,PPL,Moderate,Medium
22,95,1.74,31.4,high,weight_loss,beginner,1,3,easy,good,high,moderate,FullBody,High,Low
39,55,1.72,18.6,low,muscle_gain,beginner,0,4,poor,average,moderate,moderate,FullBody,Moderate,Low
34,76,1.84,22.4,medium,muscle_gain,beginner,0,4,new,average,high,high,FullBody,Moderate,Low
37,61,1.83,18.2,low,weight_loss,advanced,6,3,good,good,high,moderate,UpperLower,Moderate,Medium
39,81,1.64,30.1,high,muscle_gain,intermediate,1,4,new,good,high,moderate,PPL,Moderate,High
41,78,1.67,28.0,high,weight_loss,intermediate,2,3,good,average,high,moderate,UpperLower,Moderate,Medium
29,88,1.8,27.2,high,weight_loss,intermediate,1,4,easy,good,low,high,FullBody,High,Medium
22,79,1.83,23.6,medium,weight_loss,beginner,1,6,good,good,low,low,FullBody,Moderate,Low
42,71,1.74,23.5,medium,weight_loss,beginner,0,4,new,average,moderate,low,UpperLower,Moderate,Medium
20,56,1.72,18.9,low,weight_loss,beginner,1,4,good,average,moderate,low,UpperLower,Moderate,Medium
43,71,1.79,22.2,medium,weight_loss,beginner,0,6,good,good,low,low,FullBody,Moderate,Low
20,78,1.7,27.0,high,weight_loss,beginner,1,3,excellent,good,low,high,FullBody,High,Low
32,66,1.79,20.6,low,muscle_gain,advanced,5,5,good,good,moderate,moderate,PPL,Moderate,High
41,62,1.63,23.3,medium,muscle_gain,beginner,0,3,good,poor,low,moderate,FullBody,Low,Medium
22,85,1.63,32.0,high,muscle_gain,beginner,1,5,good,average,high,high,FullBody,Moderate,Low
45,72,1.82,21.7,low,weight_loss,beginner,0,5,good,average,high,moderate,UpperLower,Moderate,Medium
37,79,1.58,31.6,high,muscle_gain,intermediate,2,4,good,good,high,moderate,UpperLower,Moderate,High
38,88,1.84,26.0,medium,muscle_gain,beginner,0,3,poor,poor,moderate,moderate,UpperLower,Low,Low
28,100,1.76,32.3,high,muscle_gain,intermediate,2,5,excellent,average,moderate,low,UpperLower,Moderate,High
43,59,1.81,18.0,low,muscle_gain,intermediate,1,5,good,poor,moderate,low,UpperLower,Low,Medium
32,75,1.6,29.3,high,muscle_gain,beginner,0,3,new,poor,high,low,FullBody,Low,Low
28,59,1.74,19.5,low,muscle_gain,advanced,6,4,poor,poor,moderate,moderate,PPL,Low,Low
32,96,1.7,33.2,high,weight_loss,beginner,0,4,good,good,low,high,UpperLower,Moderate,Medium
25,67,1.6,26.2,medium,weight_loss,advanced,3,5,good,average,high,low,UpperLower,Moderate,High
28,79,1.76,25.5,medium,muscle_gain,beginner,0,3,good,good,high,high,FullBody,Moderate,Low
21,70,1.71,23.9,medium,muscle_gain,intermediate,1,6,poor,average,low,low,PPL,Moderate,Low
39,68,1.74,22.5,medium,weight_loss,beginner,0,4,new,poor,low,moderate,FullBody,Low,Low
45,74,1.64,27.5,high,weight_loss,intermediate,1,5,new,average,moderate,high,UpperLower,Moderate,Medium
20,65,1.63,24.5,medium,weight_loss,advanced,8,4,new,poor,low,moderate,UpperLower,Low,High
29,90,1.63,33.9,high,muscle_gain,beginner,1,3,good,average,low,high,UpperLower,Moderate,Low
27,66,1.61,25.5,medium,muscle_gain,intermediate,3,4,good,good,low,low,UpperLower,Moderate,Medium
20,72,1.71,24.6,medium,muscle_gain,intermediate,1,5,poor,good,moderate,moderate,UpperLower,Moderate,Medium
38,93,1.64,34.6,high,muscle_gain,beginner,1,3,easy,good,moderate,low,UpperLower,High,Low
28,64,1.82,19.3,low,weight_loss,intermediate,1,4,new,average,high,moderate,FullBody,Moderate,Medium
33,85,1.81,25.9,medium,muscle_gain,advanced,7,4,easy,poor,low,low,PPL,Low,High
32,77,1.7,26.6,medium,weight_loss,beginner,0,4,poor,good,high,high,UpperLower,Moderate,Medium
37,72,1.7,24.9,medium,weight_loss,intermediate,3,3,easy,average,low,moderate,UpperLower,Moderate,Medium
20,79,1.61,30.5,high,weight_loss,advanced,4,5,good,average,high,high,UpperLower,Moderate,Medium
27,92,1.61,35.5,high,muscle_gain,beginner,1,4,good,average,high,moderate,UpperLower,Moderate,Low
22,73,1.71,25.0,medium,weight_loss,intermediate,1,4,poor,poor,moderate,moderate,UpperLower,Low,Low
31,55,1.66,20.0,low,muscle_gain,beginner,0,5,excellent,average,high,low,FullBody,Moderate,Low
25,77,1.56,31.6,high,muscle_gain,intermediate,2,4,poor,average,low,moderate,PPL,Moderate,High
22,67,1.75,21.9,low,muscle_gain,beginner,1,3,poor,average,low,moderate,UpperLower,Moderate,Low
34,75,1.68,26.6,medium,muscle_gain,intermediate,2,4,poor,average,high,low,PPL,Moderate,Medium
22,74,1.73,24.7,medium,weight_loss,intermediate,1,4,good,poor,high,moderate,UpperLower,Low,High
20,96,1.57,38.9,high,muscle_gain,intermediate,1,5,good,good,moderate,high,UpperLower,Moderate,Medium
22,86,1.72,29.1,high,muscle_gain,advanced,3,4,new,good,moderate,moderate,PPL,Moderate,High
21,70,1.71,23.9,medium,muscle_gain,intermediate,1,5,good,average,high,high,PPL,Moderate,Medium
44,83,1.73,27.7,high,weight_loss,intermediate,1,4,good,average,low,high,UpperLower,Moderate,Medium
39,92,1.58,36.9,high,muscle_gain,intermediate,2,4,good,good,low,moderate,UpperLower,Moderate,Medium
36,96,1.64,35.7,high,weight_loss,intermediate,1,4,easy,good,moderate,low,UpperLower,High,Medium
45,77,1.7,26.6,medium,weight_loss,intermediate,2,4,new,good,moderate,high,UpperLower,Moderate,High
27,59,1.83,17.6,low,weight_loss,intermediate,3,4,good,good,high,moderate,UpperLower,Moderate,Medium
36,94,1.65,34.5,high,weight_loss,beginner,0,3,good,poor,high,moderate,UpperLower,Low,Medium
43,70,1.83,20.9,low,muscle_gain,advanced,3,5,poor,average,low,high,PPL,Moderate,Medium
37,56,1.74,18.5,low,weight_loss,beginner,0,5,poor,average,high,low,UpperLower,Moderate,Low
34,67,1.79,20.9,low,muscle_gain,beginner,0,6,new,average,moderate,moderate,FullBody,Moderate,Low
41,96,1.84,28.4,high,muscle_gain,beginner,1,3,excellent,good,high,high,FullBody,High,Low
45,60,1.57,24.3,medium,muscle_gain,intermediate,3,3,good,average,low,high,FullBody,Moderate,Medium
40,65,1.66,23.6,medium,weight_loss,beginner,1,4,excellent,poor,high,low,FullBody,Low,Medium
26,57,1.75,18.6,low,muscle_gain,beginner,0,4,excellent,good,low,moderate,PPL,High,Low
33,91,1.57,36.9,high,weight_loss,intermediate,2,5,new,good,high,high,UpperLower,Moderate,High
21,87,1.56,35.7,high,muscle_gain,beginner,0,4,excellent,poor,moderate,low,UpperLower,Low,Low
39,90,1.77,28.7,high,muscle_gain,beginner,1,4,new,poor,low,high,PPL,Low,Low
28,58,1.68,20.5,low,muscle_gain,beginner,0,3,good,average,low,low,FullBody,Moderate,Low
28,96,1.65,35.3,high,weight_loss,advanced,3,3,poor,poor,high,moderate,FullBody,Low,Low
45,100,1.62,38.1,high,muscle_gain,beginner,0,4,excellent,average,moderate,low,FullBody,Moderate,Low
37,60,1.7,20.8,low,muscle_gain,beginner,0,6,new,good,moderate,low,FullBody,Moderate,Low
42,62,1.69,21.7,low,muscle_gain,advanced,3,3,good,average,moderate,moderate,UpperLower,Moderate,High
19,79,1.62,30.1,high,muscle_gain,beginner,1,3,poor,good,low,high,FullBody,Moderate,Medium
24,76,1.78,24.0,medium,weight_loss,intermediate,1,5,excellent,average,high,high,FullBody,Moderate,Medium
36,88,1.77,28.1,high,muscle_gain,advanced,3,4,easy,average,moderate,moderate,UpperLower,Moderate,Medium
27,80,1.65,29.4,high,muscle_gain,beginner,0,3,poor,average,low,moderate,FullBody,Moderate,Low
32,57,1.55,23.7,medium,weight_loss,intermediate,3,5,new,average,high,moderate,UpperLower,Moderate,Medium
42,71,1.79,22.2,medium,weight_loss,beginner,0,4,new,average,low,moderate,FullBody,Moderate,Low
35,58,1.77,18.5,low,weight_loss,advanced,8,6,new,poor,moderate,low,UpperLower,Low,High
24,78,1.65,28.7,high,weight_loss,intermediate,1,3,good,average,high,moderate,UpperLower,Moderate,High
33,73,1.83,21.8,low,weight_loss,beginner,0,3,easy,average,moderate,moderate,UpperLower,Moderate,Medium
40,68,1.65,25.0,medium,muscle_gain,intermediate,1,5,new,average,high,high,PPL,Moderate,Medium
21,88,1.8,27.2,high,weight_loss,intermediate,2,5,good,good,moderate,moderate,UpperLower,Moderate,High
29,75,1.62,28.6,high,weight_loss,beginner,1,3,good,average,moderate,high,UpperLower,Moderate,Low
32,69,1.79,21.5,low,muscle_gain,advanced,7,3,good,average,moderate,moderate,PPL,Moderate,High
31,64,1.68,22.7,medium,muscle_gain,intermediate,1,5,excellent,poor,low,moderate,FullBody,Low,High
22,82,1.81,25.0,medium,muscle_gain,beginner,1,3,good,poor,moderate,moderate,FullBody,Low,Low
44,92,1.82,27.8,high,weight_loss,beginner,1,5,new,average,high,moderate,UpperLower,Moderate,Medium
41,92,1.61,35.5,high,weight_loss,advanced,8,3,excellent,average,moderate,low,UpperLower,Moderate,Medium
25,76,1.64,28.3,high,muscle_gain,intermediate,2,4,good,average,moderate,high,UpperLower,Moderate,Low
41,88,1.61,33.9,high,muscle_gain,advanced,5,4,poor,average,moderate,high,PPL,Moderate,Medium
37,69,1.78,21.8,low,weight_loss,beginner,0,3,excellent,good,high,moderate,UpperLower,High,Low
44,78,1.8,24.1,medium,muscle_gain,advanced,5,4,good,good,moderate,high,PPL,Moderate,Medium
33,63,1.63,23.7,medium,weight_loss,intermediate,3,3,poor,good,moderate,moderate,UpperLower,Moderate,High
34,59,1.75,19.3,low,weight_loss,beginner,1,6,good,average,high,low,UpperLower,Moderate,Low
22,69,1.73,23.1,medium,weight_loss,beginner,1,3,excellent,poor,high,high,UpperLower,Low,Medium
18,86,1.68,30.5,high,muscle_gain,beginner,1,3,good,average,low,moderate,FullBody,Moderate,Medium
27,73,1.8,22.5,medium,weight_loss,intermediate,2,4,good,average,high,high,UpperLower,Moderate,Medium
25,62,1.75,20.2,low,muscle_gain,advanced,4,5,poor,good,moderate,high,PPL,Moderate,High
25,72,1.56,29.6,high,muscle_gain,advanced,8,5,new,average,low,moderate,PPL,Moderate,Medium
26,69,1.7,23.9,medium,muscle_gain,advanced,4,4,good,good,low,high,PPL,Moderate,High
35,56,1.56,23.0,medium,weight_loss,beginner,0,5,easy,average,moderate,low,FullBody,Moderate,Low
45,73,1.77,23.3,medium,weight_loss,advanced,3,4,new,good,high,moderate,FullBody,Moderate,High
27,69,1.64,25.7,medium,weight_loss,intermediate,3,3,good,poor,high,moderate,UpperLower,Low,Medium
41,81,1.76,26.1,medium,muscle_gain,intermediate,3,4,easy,good,low,high,UpperLower,High,Medium
34,74,1.77,23.6,medium,muscle_gain,beginner,1,3,good,average,low,moderate,FullBody,Moderate,Low
40,70,1.71,23.9,medium,muscle_gain,advanced,4,5,easy,average,low,high,PPL,Moderate,High
21,76,1.74,25.1,medium,muscle_gain,intermediate,2,3,good,average,low,high,PPL,Moderate,High
36,58,1.78,18.3,low,weight_loss,beginner,0,4,poor,average,moderate,high,FullBody,Moderate,Low
35,89,1.79,27.8,high,muscle_gain,advanced,7,3,good,good,high,low,PPL,Moderate,High
30,55,1.59,21.8,low,muscle_gain,intermediate,1,3,good,average,moderate,moderate,UpperLower,Moderate,Low
31,73,1.67,26.2,medium,muscle_gain,advanced,5,5,excellent,average,low,high,PPL,Moderate,High
24,100,1.79,31.2,high,muscle_gain,intermediate,3,4,new,good,high,low,PPL,Moderate,Medium
28,64,1.67,22.9,medium,muscle_gain,advanced,3,3,good,average,low,low,PPL,Moderate,High
29,69,1.74,22.8,medium,muscle_gain,beginner,1,3,poor,average,moderate,moderate,FullBody,Moderate,Low
39,92,1.61,35.5,high,muscle_gain,intermediate,1,3,poor,average,moderate,moderate,PPL,Moderate,Medium
26,94,1.84,27.8,high,weight_loss,intermediate,1,3,excellent,poor,low,high,UpperLower,Low,Low
19,83,1.59,32.8,high,muscle_gain,intermediate,3,4,excellent,average,low,moderate,UpperLower,Moderate,Medium
34,93,1.57,37.7,high,weight_loss,advanced,7,6,excellent,average,high,moderate,FullBody,Moderate,High
23,78,1.56,32.1,high,weight_loss,intermediate,2,4,good,poor,high,low,UpperLower,Low,Medium
18,76,1.73,25.4,medium,muscle_gain,beginner,1,3,easy,average,moderate,low,UpperLower,Moderate,Low
38,91,1.57,36.9,high,weight_loss,advanced,4,6,easy,average,high,high,UpperLower,Moderate,High
18,100,1.73,33.4,high,muscle_gain,intermediate,1,5,new,average,moderate,moderate,PPL,Moderate,Medium
45,94,1.61,36.3,high,weight_loss,beginner,0,5,excellent,good,moderate,high,FullBody,High,Medium
39,67,1.57,27.2,high,weight_loss,intermediate,1,5,new,average,high,moderate,FullBody,Moderate,Low
27,77,1.63,29.0,high,muscle_gain,intermediate,1,5,new,good,low,low,UpperLower,Moderate,High
18,55,1.78,17.4,low,muscle_gain,beginner,0,3,good,average,high,low,UpperLower,Moderate,Low
19,73,1.66,26.5,medium,muscle_gain,beginner,0,4,new,poor,low,high,FullBody,Low,Low
36,96,1.66,34.8,high,muscle_gain,advanced,7,5,new,average,high,moderate,PPL,Moderate,High
27,99,1.61,38.2,high,weight_loss,intermediate,2,5,poor,average,low,low,UpperLower,Moderate,Medium
36,91,1.65,33.4,high,muscle_gain,intermediate,1,3,good,average,low,high,UpperLower,Moderate,Low
27,89,1.6,34.8,high,muscle_gain,beginner,1,5,good,average,low,high,UpperLower,Moderate,Low
30,69,1.64,25.7,medium,weight_loss,advanced,6,4,good,average,low,low,UpperLower,Moderate,High
34,91,1.61,35.1,high,weight_loss,beginner,0,4,easy,good,moderate,low,FullBody,High,Low
23,60,1.64,22.3,medium,muscle_gain,advanced,7,4,good,good,low,moderate,PPL,Moderate,High
39,68,1.67,24.4,medium,weight_loss,intermediate,2,5,good,average,high,moderate,UpperLower,Moderate,Medium
39,82,1.77,26.2,medium,muscle_gain,intermediate,1,4,good,poor,low,moderate,PPL,Low,Medium
37,59,1.78,18.6,low,weight_loss,beginner,1,3,new,average,low,low,FullBody,Moderate,Low
33,81,1.56,33.3,high,muscle_gain,beginner,0,4,new,good,moderate,moderate,UpperLower,Moderate,Low
22,79,1.72,26.7,medium,weight_loss,beginner,1,5,good,average,high,low,UpperLower,Moderate,Medium
34,85,1.66,30.8,high,weight_loss,advanced,7,6,new,good,high,low,FullBody,Moderate,High
26,94,1.61,36.3,high,weight_loss,intermediate,2,3,poor,average,high,high,UpperLower,Moderate,Medium
27,56,1.78,17.7,low,muscle_gain,beginner,1,4,new,poor,low,moderate,FullBody,Low,Low
23,61,1.58,24.4,medium,muscle_gain,beginner,1,4,excellent,average,high,high,PPL,Moderate,Medium
36,59,1.69,20.7,low,muscle_gain,beginner,0,4,good,good,low,high,UpperLower,Moderate,Low
18,71,1.61,27.4,high,weight_loss,intermediate,1,3,easy,average,moderate,moderate,UpperLower,Moderate,High
29,68,1.72,23.0,medium,weight_loss,beginner,1,5,excellent,poor,moderate,low,FullBody,Low,Low
24,81,1.56,33.3,high,weight_loss,beginner,1,4,excellent,average,high,moderate,UpperLower,Moderate,Medium
37,92,1.8,28.4,high,muscle_gain,intermediate,2,4,good,average,high,low,PPL,Moderate,Medium
35,98,1.76,31.6,high,muscle_gain,beginner,0,5,good,average,low,moderate,PPL,Moderate,Low
27,83,1.78,26.2,medium,weight_loss,beginner,1,4,new,average,high,high,FullBody,Moderate,Medium
25,89,1.66,32.3,high,muscle_gain,intermediate,1,5,new,average,low,low,PPL,Moderate,High
30,77,1.72,26.0,medium,weight_loss,beginner,1,4,poor,average,high,high,UpperLower,Moderate,Low
35,80,1.67,28.7,high,muscle_gain,intermediate,2,5,good,poor,high,high,PPL,Low,High
21,96,1.67,34.4,high,muscle_gain,beginner,0,3,new,average,high,moderate,UpperLower,Moderate,Medium
28,65,1.73,21.7,low,muscle_gain,intermediate,3,3,poor,good,high,low,UpperLower,Moderate,Low
23,100,1.69,35.0,high,weight_loss,beginner,0,3,excellent,average,high,moderate,FullBody,Moderate,Low
32,62,1.7,21.5,low,weight_loss,advanced,8,5,easy,good,low,low,FullBody,High,Medium
45,81,1.67,29.0,high,weight_loss,advanced,6,4,good,good,low,high,UpperLower,Moderate,High
19,100,1.66,36.3,high,weight_loss,intermediate,1,4,excellent,good,moderate,high,UpperLower,High,High
22,85,1.82,25.7,medium,muscle_gain,beginner,1,4,new,average,moderate,moderate,FullBody,Moderate,Low
26,63,1.73,21.0,low,muscle_gain,beginner,1,3,poor,average,moderate,moderate,FullBody,Moderate,Medium
39,99,1.64,36.8,high,muscle_gain,intermediate,1,5,poor,average,low,low,UpperLower,Moderate,Medium
45,80,1.85,23.4,medium,muscle_gain,advanced,5,6,good,average,high,high,UpperLower,Moderate,High
33,55,1.82,16.6,low,weight_loss,beginner,0,3,new,good,high,moderate,FullBody,Moderate,Low
38,88,1.82,26.6,medium,weight_loss,intermediate,2,4,new,poor,moderate,moderate,FullBody,Low,Low
19,88,1.68,31.2,high,muscle_gain,beginner,0,5,good,good,low,high,FullBody,Moderate,Low
41,59,1.61,22.8,medium,weight_loss,beginner,0,4,new,average,low,high,FullBody,Moderate,Medium
20,62,1.61,23.9,medium,muscle_gain,intermediate,2,3,good,poor,moderate,high,PPL,Low,Medium
38,95,1.61,36.6,high,weight_loss,intermediate,2,3,excellent,poor,moderate,moderate,FullBody,Low,Medium
45,76,1.71,26.0,medium,muscle_gain,intermediate,2,4,good,average,high,moderate,UpperLower,Moderate,Medium
31,61,1.75,19.9,low,weight_loss,beginner,0,4,good,good,moderate,moderate,FullBody,Moderate,Low
21,94,1.76,30.3,high,muscle_gain,intermediate,1,4,new,average,low,high,FullBody,Moderate,High
43,72,1.68,25.5,medium,muscle_gain,beginner,1,6,excellent,average,low,high,FullBody,Moderate,Low
30,55,1.78,17.4,low,weight_loss,beginner,0,6,poor,poor,high,low,UpperLower,Low,Low
29,82,1.56,33.7,high,weight_loss,beginner,0,4,new,average,moderate,low,FullBody,Moderate,Medium
41,57,1.73,19.0,low,weight_loss,beginner,0,6,good,average,low,low,FullBody,Moderate,Low
32,62,1.83,18.5,low,muscle_gain,advanced,4,3,easy,average,moderate,moderate,PPL,Moderate,High
35,71,1.78,22.4,medium,muscle_gain,advanced,8,5,new,good,high,moderate,UpperLower,Moderate,High
24,84,1.61,32.4,high,muscle_gain,beginner,1,3,easy,good,low,low,FullBody,High,Low
33,88,1.79,27.5,high,muscle_gain,advanced,5,4,good,good,moderate,moderate,PPL,Moderate,High
36,90,1.58,36.1,high,weight_loss,intermediate,3,5,excellent,average,high,high,UpperLower,Moderate,Medium
32,64,1.82,19.3,low,weight_loss,beginner,1,4,poor,average,low,high,FullBody,Moderate,Low
31,69,1.6,27.0,high,muscle_gain,intermediate,3,4,good,good,moderate,moderate,UpperLower,Moderate,Medium
27,56,1.6,21.9,low,muscle_gain,advanced,5,3,new,good,high,moderate,PPL,Moderate,High
26,68,1.62,25.9,medium,weight_loss,beginner,0,5,easy,average,high,high,FullBody,Moderate,Low
30,79,1.61,30.5,high,muscle_gain,beginner,0,6,good,poor,moderate,high,UpperLower,Low,Low
24,60,1.61,23.1,medium,weight_loss,beginner,1,3,new,average,moderate,high,FullBody,Moderate,Low
27,82,1.8,25.3,medium,weight_loss,intermediate,2,3,good,good,moderate,high,UpperLower,Moderate,Medium
25,55,1.6,21.5,low,muscle_gain,beginner,0,5,excellent,good,moderate,low,FullBody,High,Low
23,88,1.6,34.4,high,weight_loss,intermediate,1,5,new,average,moderate,high,FullBody,Moderate,Medium
28,56,1.56,23.0,medium,muscle_gain,advanced,7,3,excellent,average,moderate,moderate,PPL,Moderate,High
25,59,1.58,23.6,medium,muscle_gain,intermediate,1,6,excellent,good,low,moderate,PPL,High,Medium
28,78,1.75,25.5,medium,weight_loss,intermediate,1,3,good,average,high,low,FullBody,Moderate,High
27,61,1.82,18.4,low,muscle_gain,beginner,1,5,poor,average,moderate,high,UpperLower,Moderate,Low
31,64,1.66,23.2,medium,muscle_gain,advanced,3,3,easy,good,high,low,PPL,High,Medium
25,75,1.6,29.3,high,muscle_gain,intermediate,2,5,new,average,low,moderate,PPL,Moderate,High
34,76,1.83,22.7,medium,weight_loss,beginner,1,4,excellent,average,moderate,moderate,FullBody,Moderate,Low
38,89,1.56,36.6,high,muscle_gain,beginner,1,4,new,average,moderate,high,FullBody,Moderate,Medium
34,87,1.6,34.0,high,muscle_gain,advanced,7,3,new,good,moderate,moderate,PPL,Moderate,High
35,88,1.62,33.5,high,muscle_gain,beginner,0,5,good,average,high,moderate,FullBody,Moderate,Low
30,88,1.64,32.7,high,weight_loss,advanced,3,4,new,average,moderate,moderate,UpperLower,Moderate,High
20,81,1.57,32.9,high,muscle_gain,intermediate,2,3,easy,average,low,low,PPL,Moderate,Medium
26,80,1.59,31.6,high,muscle_gain,intermediate,1,6,new,average,low,high,PPL,Moderate,Medium
42,85,1.74,28.1,high,muscle_gain,beginner,1,5,good,good,moderate,high,UpperLower,Moderate,Medium
19,71,1.66,25.8,medium,muscle_gain,intermediate,2,4,excellent,average,low,high,FullBody,Moderate,Low
25,97,1.81,29.6,high,muscle_gain,intermediate,2,4,new,good,high,high,UpperLower,Moderate,High
26,60,1.84,17.7,low,muscle_gain,intermediate,3,4,good,average,low,moderate,PPL,Moderate,Medium
44,93,1.72,31.4,high,muscle_gain,advanced,3,4,good,poor,moderate,moderate,PPL,Low,Medium
31,100,1.79,31.2,high,weight_loss,beginner,0,5,excellent,good,moderate,high,FullBody,High,Low
38,61,1.83,18.2,low,muscle_gain,beginner,1,3,good,average,high,low,FullBody,Moderate,Low
32,95,1.76,30.7,high,muscle_gain,intermediate,3,3,excellent,good,moderate,low,PPL,High,Medium
29,69,1.73,23.1,medium,muscle_gain,beginner,1,6,new,average,low,moderate,FullBody,Moderate,Medium
29,83,1.65,30.5,high,weight_loss,intermediate,1,6,poor,average,moderate,high,UpperLower,Moderate,Medium
23,99,1.67,35.5,high,muscle_gain,beginner,1,5,easy,good,moderate,moderate,PPL,High,Low
41,73,1.79,22.8,medium,weight_loss,advanced,7,4,new,poor,high,low,UpperLower,Low,High
25,68,1.68,24.1,medium,muscle_gain,beginner,1,6,excellent,average,high,low,FullBody,Moderate,Low
30,79,1.74,26.1,medium,weight_loss,intermediate,2,6,excellent,average,high,moderate,UpperLower,Moderate,High
28,99,1.81,30.2,high,muscle_gain,intermediate,3,3,easy,poor,high,moderate,UpperLower,Low,High
35,69,1.8,21.3,low,muscle_gain,intermediate,3,3,good,poor,high,low,UpperLower,Low,High
29,100,1.69,35.0,high,muscle_gain,intermediate,3,3,good,good,moderate,high,FullBody,Moderate,Low
24,74,1.75,24.2,medium,muscle_gain,intermediate,1,4,good,good,moderate,high,FullBody,Moderate,Medium
42,62,1.66,22.5,medium,weight_loss,beginner,0,3,good,average,high,high,FullBody,Moderate,Low
38,62,1.83,18.5,low,muscle_gain,beginner,1,4,good,average,low,low,FullBody,Moderate,Low
40,71,1.68,25.2,medium,muscle_gain,beginner,0,4,new,good,moderate,low,UpperLower,Moderate,Medium
19,61,1.75,19.9,low,muscle_gain,advanced,3,4,new,good,moderate,low,PPL,Moderate,High
38,66,1.74,21.8,low,muscle_gain,advanced,5,3,good,average,high,moderate,UpperLower,Moderate,High
22,83,1.79,25.9,medium,muscle_gain,beginner,0,4,easy,poor,moderate,moderate,FullBody,Low,Low
24,94,1.73,31.4,high,weight_loss,advanced,3,6,good,average,low,moderate,FullBody,Moderate,High
43,77,1.67,27.6,high,muscle_gain,advanced,3,4,excellent,average,low,moderate,PPL,Moderate,High
30,96,1.78,30.3,high,muscle_gain,beginner,1,4,new,average,moderate,moderate,FullBody,Moderate,Low
30,73,1.64,27.1,high,weight_loss,intermediate,2,4,new,good,moderate,low,UpperLower,Moderate,Medium
18,74,1.56,30.4,high,muscle_gain,beginner,1,4,excellent,average,low,moderate,UpperLower,Moderate,Medium
21,66,1.69,23.1,medium,weight_loss,intermediate,3,3,new,average,low,moderate,FullBody,Moderate,Medium
27,70,1.55,29.1,high,weight_loss,advanced,5,4,new,good,moderate,low,UpperLower,Moderate,High
31,100,1.75,32.7,high,weight_loss,intermediate,2,3,excellent,poor,high,moderate,UpperLower,Low,High
26,95,1.73,31.7,high,weight_loss,beginner,0,5,new,poor,low,high,FullBody,Low,Low
23,71,1.83,21.2,low,weight_loss,intermediate,2,5,poor,average,high,low,UpperLower,Moderate,Medium
45,63,1.7,21.8,low,muscle_gain,beginner,0,4,new,poor,moderate,low,FullBody,Low,Low
41,93,1.59,36.8,high,weight_loss,intermediate,3,4,easy,poor,low,low,UpperLower,Low,Medium
32,96,1.61,37.0,high,muscle_gain,beginner,0,6,good,poor,moderate,moderate,UpperLower,Low,Low
25,73,1.73,24.4,medium,muscle_gain,beginner,0,6,new,average,moderate,low,PPL,Moderate,Low
22,98,1.82,29.6,high,muscle_gain,beginner,0,4,excellent,poor,moderate,low,UpperLower,Low,Low
36,73,1.74,24.1,medium,weight_loss,beginner,1,6,new,average,high,moderate,UpperLower,Moderate,Low
29,73,1.62,27.8,high,weight_loss,beginner,0,6,easy,poor,high,low,FullBody,Low,Medium
35,80,1.81,24.4,medium,muscle_gain,intermediate,2,3,good,average,high,moderate,UpperLower,Moderate,High
22,68,1.77,21.7,low,muscle_gain,intermediate,2,4,easy,good,moderate,low,UpperLower,High,Medium
33,96,1.58,38.5,high,muscle_gain,advanced,4,6,excellent,average,moderate,low,PPL,Moderate,High
23,56,1.83,16.7,low,weight_loss,beginner,0,5,poor,average,high,low,FullBody,Moderate,Low
41,86,1.59,34.0,high,muscle_gain,advanced,3,4,good,good,low,low,UpperLower,Moderate,High
45,77,1.58,30.8,high,muscle_gain,beginner,1,3,excellent,average,high,moderate,UpperLower,Moderate,Low
21,65,1.79,20.3,low,weight_loss,beginner,1,4,good,average,moderate,high,UpperLower,Moderate,Medium
21,64,1.75,20.9,low,weight_loss,beginner,1,3,excellent,poor,low,moderate,UpperLower,Low,Medium
36,83,1.72,28.1,high,weight_loss,advanced,5,6,good,poor,low,moderate,UpperLower,Low,Medium
43,67,1.84,19.8,low,weight_loss,beginner,0,5,easy,good,moderate,moderate,FullBody,High,Medium
29,67,1.81,20.5,low,muscle_gain,advanced,3,6,new,average,moderate,low,UpperLower,Moderate,High
26,97,1.77,31.0,high,muscle_gain,beginner,0,4,new,poor,low,high,FullBody,Low,Low
39,79,1.63,29.7,high,muscle_gain,advanced,5,5,excellent,poor,low,moderate,PPL,Low,High
20,97,1.82,29.3,high,muscle_gain,intermediate,1,4,good,good,low,low,UpperLower,Moderate,Medium
43,60,1.62,22.9,medium,weight_loss,beginner,0,3,excellent,average,high,moderate,UpperLower,Moderate,Medium
21,58,1.73,19.4,low,weight_loss,beginner,0,5,new,poor,high,low,FullBody,Low,Low
28,67,1.74,22.1,medium,muscle_gain,beginner,0,6,good,good,moderate,high,FullBody,Moderate,Low
20,67,1.6,26.2,medium,muscle_gain,advanced,3,4,new,poor,high,high,PPL,Low,High
44,93,1.73,31.1,high,muscle_gain,intermediate,3,3,poor,average,moderate,high,UpperLower,Moderate,High
20,86,1.57,34.9,high,muscle_gain,intermediate,3,4,excellent,average,high,high,UpperLower,Moderate,High
29,93,1.76,30.0,high,weight_loss,beginner,1,3,excellent,good,moderate,moderate,FullBody,High,Low
41,92,1.61,35.5,high,muscle_gain,intermediate,2,4,excellent,good,moderate,low,PPL,High,Medium
18,75,1.81,22.9,medium,muscle_gain,advanced,4,3,poor,poor,high,moderate,PPL,Low,Low
26,56,1.65,20.6,low,muscle_gain,beginner,1,5,excellent,average,moderate,moderate,PPL,Moderate,Low
39,61,1.57,24.7,medium,muscle_gain,beginner,0,4,poor,good,moderate,low,FullBody,Moderate,Low
38,94,1.64,34.9,high,muscle_gain,beginner,1,3,poor,average,high,low,FullBody,Moderate,Low
24,99,1.83,29.6,high,muscle_gain,advanced,7,4,easy,average,moderate,high,UpperLower,Moderate,Medium
43,69,1.74,22.8,medium,weight_loss,intermediate,1,5,new,average,low,high,UpperLower,Moderate,Medium
37,72,1.82,21.7,low,muscle_gain,beginner,0,3,excellent,average,low,low,FullBody,Moderate,Low
35,72,1.59,28.5,high,weight_loss,intermediate,3,4,excellent,good,moderate,low,FullBody,High,Medium
43,70,1.7,24.2,medium,weight_loss,beginner,1,5,new,average,low,high,FullBody,Moderate,Low
42,64,1.82,19.3,low,muscle_gain,beginner,1,3,good,average,low,moderate,FullBody,Moderate,Low
28,62,1.84,18.3,low,muscle_gain,beginner,1,4,new,average,moderate,low,FullBody,Moderate,Medium
19,75,1.74,24.8,medium,muscle_gain,intermediate,2,5,new,good,low,low,UpperLower,Moderate,High
20,77,1.78,24.3,medium,muscle_gain,beginner,0,5,good,average,low,low,UpperLower,Moderate,Medium
32,71,1.6,27.7,high,muscle_gain,beginner,0,5,new,poor,moderate,high,PPL,Low,Low
28,95,1.65,34.9,high,weight_loss,beginner,1,5,good,poor,moderate,moderate,FullBody,Low,Low
40,78,1.57,31.6,high,muscle_gain,advanced,8,4,new,average,low,moderate,PPL,Moderate,Medium
42,76,1.73,25.4,medium,muscle_gain,advanced,6,4,good,average,moderate,moderate,PPL,Moderate,High
19,61,1.67,21.9,low,weight_loss,advanced,8,3,good,average,moderate,low,UpperLower,Moderate,High
44,87,1.63,32.7,high,muscle_gain,beginner,0,5,excellent,average,low,high,UpperLower,Moderate,Low
33,93,1.69,32.6,high,muscle_gain,advanced,3,5,new,average,high,high,UpperLower,Moderate,High
30,65,1.77,20.7,low,muscle_gain,beginner,1,4,easy,average,low,moderate,UpperLower,Moderate,Low
26,68,1.69,23.8,medium,muscle_gain,intermediate,1,6,excellent,poor,moderate,moderate,PPL,Low,High
26,99,1.63,37.3,high,muscle_gain,beginner,1,5,new,poor,moderate,high,FullBody,Low,Medium
36,97,1.82,29.3,high,muscle_gain,intermediate,1,3,poor,poor,low,high,UpperLower,Low,Low
18,57,1.85,16.7,low,weight_loss,advanced,8,4,easy,good,low,low,UpperLower,High,High
23,78,1.66,28.3,high,weight_loss,intermediate,1,4,good,average,moderate,moderate,UpperLower,Moderate,High
42,98,1.82,29.6,high,muscle_gain,beginner,0,4,good,average,moderate,moderate,UpperLower,Moderate,Medium
28,95,1.7,32.9,high,muscle_gain,beginner,0,4,good,average,high,high,PPL,Moderate,Low
34,55,1.58,22.0,medium,muscle_gain,intermediate,2,6,good,average,high,moderate,FullBody,Moderate,Medium
44,91,1.67,32.6,high,muscle_gain,beginner,1,5,new,good,low,low,UpperLower,Moderate,Low
21,59,1.7,20.4,low,weight_loss,beginner,0,5,poor,poor,high,low,FullBody,Low,Low
23,98,1.8,30.2,high,muscle_gain,beginner,1,6,good,poor,moderate,moderate,FullBody,Low,Low
37,85,1.73,28.4,high,weight_loss,intermediate,2,5,easy,poor,high,high,UpperLower,Low,Medium
21,92,1.68,32.6,high,weight_loss,beginner,0,6,good,good,high,low,FullBody,Moderate,Low
25,100,1.77,31.9,high,weight_loss,beginner,1,4,poor,average,high,high,FullBody,Moderate,Low
18,92,1.76,29.7,high,weight_loss,intermediate,2,6,good,average,moderate,high,UpperLower,Moderate,Medium
40,66,1.71,22.6,medium,weight_loss,beginner,1,3,poor,average,high,low,FullBody,Moderate,Low
30,96,1.78,30.3,high,weight_loss,intermediate,3,3,new,good,moderate,moderate,FullBody,Moderate,Medium
22,93,1.59,36.8,high,muscle_gain,beginner,0,4,good,good,low,moderate,FullBody,Moderate,Low
31,82,1.72,27.7,high,muscle_gain,beginner,1,5,good,good,high,high,FullBody,Moderate,Low
36,67,1.61,25.8,medium,muscle_gain,advanced,4,4,poor,average,low,low,PPL,Moderate,High
41,55,1.76,17.8,low,muscle_gain,intermediate,3,3,good,poor,high,low,FullBody,Low,Low
43,97,1.61,37.4,high,muscle_gain,intermediate,1,3,poor,poor,moderate,high,UpperLower,Low,Low
20,70,1.72,23.7,medium,weight_loss,beginner,1,4,easy,good,low,moderate,FullBody,High,Low
41,80,1.83,23.9,medium,muscle_gain,advanced,7,3,easy,good,moderate,high,PPL,High,High
27,59,1.7,20.4,low,muscle_gain,beginner,0,3,new,average,low,moderate,UpperLower,Moderate,Medium
27,93,1.8,28.7,high,muscle_gain,beginner,1,6,good,average,high,high,UpperLower,Moderate,Low
33,99,1.65,36.4,high,muscle_gain,beginner,1,4,good,good,high,moderate,FullBody,Moderate,Medium
28,91,1.82,27.5,high,muscle_gain,advanced,5,3,poor,average,moderate,low,PPL,Moderate,Medium
43,73,1.78,23.0,medium,muscle_gain,intermediate,2,5,good,average,low,high,UpperLower,Moderate,Medium
37,76,1.79,23.7,medium,muscle_gain,intermediate,3,4,new,good,moderate,moderate,UpperLower,Moderate,Medium
21,90,1.84,26.6,medium,weight_loss,beginner,1,3,easy,average,moderate,moderate,FullBody,Moderate,Low
31,86,1.74,28.4,high,muscle_gain,intermediate,1,4,new,good,high,low,UpperLower,Moderate,Medium
35,61,1.63,23.0,medium,weight_loss,intermediate,1,3,excellent,average,high,moderate,UpperLower,Moderate,Medium
37,72,1.73,24.1,medium,weight_loss,beginner,1,3,new,good,high,moderate,UpperLower,Moderate,Medium
20,94,1.72,31.8,high,weight_loss,beginner,1,4,new,average,low,low,FullBody,Moderate,Low
25,82,1.75,26.8,medium,muscle_gain,intermediate,1,4,new,good,moderate,high,UpperLower,Moderate,High
30,72,1.56,29.6,high,muscle_gain,intermediate,2,4,excellent,average,moderate,high,PPL,Moderate,Medium
40,99,1.57,40.2,high,weight_loss,beginner,1,4,new,average,moderate,moderate,UpperLower,Moderate,Low
18,91,1.76,29.4,high,muscle_gain,intermediate,3,4,excellent,average,low,moderate,UpperLower,Moderate,Medium
31,69,1.63,26.0,medium,muscle_gain,advanced,8,3,new,average,moderate,low,PPL,Moderate,High
19,60,1.78,18.9,low,weight_loss,beginner,1,4,good,good,moderate,low,UpperLower,Moderate,Low
23,74,1.62,28.2,high,muscle_gain,beginner,0,5,good,average,moderate,low,FullBody,Moderate,Medium
37,59,1.76,19.0,low,weight_loss,beginner,1,5,good,good,low,high,FullBody,Moderate,Low
45,72,1.6,28.1,high,muscle_gain,beginner,0,4,new,average,high,moderate,UpperLower,Moderate,Low
43,70,1.63,26.3,medium,muscle_gain,intermediate,1,5,new,poor,low,moderate,PPL,Low,High
35,80,1.71,27.4,high,weight_loss,intermediate,2,4,good,good,low,high,UpperLower,Moderate,Medium
